DataHora,Duracao,Resultado

2025-10-07 07:27:11,2.02,OK ✅
2025-10-07 07:27:19,2.07,OK ✅
2025-10-07 07:27:22,0.55,INCOMPLETO ❌
2025-10-07 07:27:23,0.79,INCOMPLETO ❌
2025-10-07 07:27:23,0.06,INCOMPLETO ❌
2025-10-07 07:27:23,0.08,INCOMPLETO ❌
2025-10-07 07:27:27,2.01,OK ✅
2025-10-07 07:27:28,0.15,INCOMPLETO ❌
2025-10-07 07:27:35,0.07,INCOMPLETO ❌
2025-10-07 07:27:37,0.08,INCOMPLETO ❌
2025-10-07 07:27:37,0.07,INCOMPLETO ❌
2025-10-07 07:27:38,0.07,INCOMPLETO ❌
2025-10-07 07:27:39,0.25,INCOMPLETO ❌
2025-10-07 07:27:39,0.07,INCOMPLETO ❌
2025-10-07 07:27:40,0.06,INCOMPLETO ❌
2025-10-07 07:27:41,0.14,INCOMPLETO ❌
2025-10-07 07:27:41,0.06,INCOMPLETO ❌
2025-10-07 07:27:43,2.02,OK ✅
2025-10-07 07:27:54,0.27,INCOMPLETO ❌
2025-10-07 07:27:56,2.0,OK ✅
2025-10-07 07:27:59,0.14,INCOMPLETO ❌
2025-10-07 07:27:59,0.48,INCOMPLETO ❌
2025-10-07 07:27:59,0.09,INCOMPLETO ❌
2025-10-07 07:28:00,0.38,INCOMPLETO ❌
2025-10-07 07:28:01,0.14,INCOMPLETO ❌
2025-10-07 07:28:01,0.08,INCOMPLETO ❌
2025-10-07 07:28:04,0.13,INCOMPLETO ❌
2025-10-07 07:28:04,0.06,INCOMPLETO ❌
2025-10-07 07:28:05,0.07,INCOMPLETO ❌
2025-10-07 07:28:06,0.07,INCOMPLETO ❌
2025-10-07 07:28:06,0.08,INCOMPLETO ❌
2025-10-07 07:28:06,0.29,INCOMPLETO ❌
2025-10-07 07:28:06,0.2,INCOMPLETO ❌
2025-10-07 07:28:07,0.13,INCOMPLETO ❌
2025-10-07 07:28:07,0.19,INCOMPLETO ❌
2025-10-07 07:28:07,0.2,INCOMPLETO ❌
2025-10-07 07:28:09,1.49,INCOMPLETO ❌
2025-10-07 07:28:09,0.07,INCOMPLETO ❌
2025-10-07 07:28:10,0.21,INCOMPLETO ❌
2025-10-07 07:28:11,0.66,INCOMPLETO ❌
2025-10-07 07:28:13,2.07,OK ✅
2025-10-07 07:28:14,0.07,INCOMPLETO ❌
2025-10-07 07:28:17,2.01,OK ✅
2025-10-07 07:28:23,0.07,INCOMPLETO ❌
2025-10-07 07:28:24,0.07,INCOMPLETO ❌
2025-10-07 07:28:26,0.21,INCOMPLETO ❌
2025-10-07 07:28:27,0.41,INCOMPLETO ❌
2025-10-07 07:28:29,1.97,INCOMPLETO ❌
2025-10-07 07:28:32,2.01,OK ✅
2025-10-07 07:28:35,0.3,INCOMPLETO ❌
2025-10-07 07:28:36,0.08,INCOMPLETO ❌
2025-10-07 07:28:36,0.73,INCOMPLETO ❌
2025-10-07 07:28:37,0.06,INCOMPLETO ❌
2025-10-07 07:28:37,0.07,INCOMPLETO ❌
2025-10-07 07:28:39,0.7,INCOMPLETO ❌
2025-10-07 07:28:40,0.33,INCOMPLETO ❌
2025-10-07 07:28:40,0.14,INCOMPLETO ❌
2025-10-07 07:28:41,0.14,INCOMPLETO ❌
2025-10-07 07:28:44,0.06,INCOMPLETO ❌
2025-10-07 07:28:45,0.27,INCOMPLETO ❌
2025-10-07 07:28:45,0.06,INCOMPLETO ❌
2025-10-07 07:28:45,0.15,INCOMPLETO ❌
2025-10-07 07:28:49,1.52,INCOMPLETO ❌
2025-10-07 07:28:50,0.27,INCOMPLETO ❌
2025-10-07 07:28:50,0.44,INCOMPLETO ❌
2025-10-07 07:28:51,0.14,INCOMPLETO ❌
2025-10-07 07:28:52,0.61,INCOMPLETO ❌
2025-10-07 07:28:52,0.06,INCOMPLETO ❌
2025-10-07 07:28:52,0.44,INCOMPLETO ❌
2025-10-07 07:28:53,0.32,INCOMPLETO ❌
2025-10-07 07:28:53,0.07,INCOMPLETO ❌
2025-10-07 07:28:54,0.97,INCOMPLETO ❌
2025-10-07 07:28:55,0.2,INCOMPLETO ❌
2025-10-07 07:28:56,1.07,INCOMPLETO ❌
2025-10-07 07:28:56,0.06,INCOMPLETO ❌
2025-10-07 07:28:56,0.06,INCOMPLETO ❌
2025-10-07 07:28:57,0.22,INCOMPLETO ❌
2025-10-07 07:28:58,1.46,INCOMPLETO ❌
2025-10-07 07:28:59,0.4,INCOMPLETO ❌
2025-10-07 07:28:59,0.33,INCOMPLETO ❌
2025-10-07 07:29:00,0.14,INCOMPLETO ❌
2025-10-07 07:29:00,0.27,INCOMPLETO ❌
2025-10-07 07:29:01,0.52,INCOMPLETO ❌
2025-10-07 07:29:03,2.04,OK ✅
2025-10-07 07:29:06,0.06,INCOMPLETO ❌
2025-10-07 07:29:06,0.07,INCOMPLETO ❌
2025-10-07 07:29:06,0.07,INCOMPLETO ❌
2025-10-07 07:29:08,1.75,INCOMPLETO ❌
2025-10-07 07:29:08,0.07,INCOMPLETO ❌
2025-10-07 07:29:10,2.03,OK ✅
2025-10-07 07:29:15,0.47,INCOMPLETO ❌
2025-10-07 07:29:16,0.21,INCOMPLETO ❌
2025-10-07 07:29:16,0.22,INCOMPLETO ❌
2025-10-07 07:29:16,0.22,INCOMPLETO ❌
2025-10-07 07:29:17,0.4,INCOMPLETO ❌
2025-10-07 07:29:17,0.06,INCOMPLETO ❌
2025-10-07 07:29:17,0.14,INCOMPLETO ❌
2025-10-07 07:29:18,0.12,INCOMPLETO ❌
2025-10-07 07:29:18,0.06,INCOMPLETO ❌
2025-10-07 07:29:18,0.07,INCOMPLETO ❌
2025-10-07 07:29:30,0.67,INCOMPLETO ❌
2025-10-07 07:29:31,0.2,INCOMPLETO ❌
2025-10-07 07:29:32,0.14,INCOMPLETO ❌
2025-10-07 07:29:35,0.18,INCOMPLETO ❌
2025-10-07 07:29:35,0.07,INCOMPLETO ❌
2025-10-07 07:29:35,0.13,INCOMPLETO ❌
2025-10-07 07:29:36,0.58,INCOMPLETO ❌
2025-10-07 07:29:36,0.06,INCOMPLETO ❌
2025-10-07 07:34:04,1.34,INCOMPLETO ❌
2025-10-07 07:34:04,0.07,INCOMPLETO ❌
2025-10-07 07:34:04,0.11,INCOMPLETO ❌
2025-10-07 07:34:05,0.12,INCOMPLETO ❌
2025-10-07 07:34:05,0.47,INCOMPLETO ❌
2025-10-07 07:34:05,0.07,INCOMPLETO ❌
2025-10-07 07:34:06,0.5,INCOMPLETO ❌
2025-10-07 07:34:06,0.26,INCOMPLETO ❌
2025-10-07 07:34:07,0.68,INCOMPLETO ❌
2025-10-07 07:34:08,1.0,INCOMPLETO ❌
2025-10-07 07:34:10,0.19,INCOMPLETO ❌
2025-10-07 07:34:11,0.26,INCOMPLETO ❌
2025-10-07 07:34:11,0.14,INCOMPLETO ❌
2025-10-07 07:34:13,0.61,INCOMPLETO ❌
2025-10-07 07:34:14,0.07,INCOMPLETO ❌
2025-10-07 07:34:14,0.13,INCOMPLETO ❌
2025-10-07 07:34:16,2.03,OK ✅
2025-10-07 07:34:29,1.38,INCOMPLETO ❌
2025-10-07 07:34:29,0.49,INCOMPLETO ❌
2025-10-07 07:34:30,0.18,INCOMPLETO ❌
2025-10-07 07:34:30,0.06,INCOMPLETO ❌
2025-10-07 07:34:30,0.13,INCOMPLETO ❌
2025-10-07 07:34:31,0.32,INCOMPLETO ❌
2025-10-07 07:34:32,1.33,INCOMPLETO ❌
2025-10-07 07:34:36,0.38,INCOMPLETO ❌
2025-10-07 07:34:39,0.77,INCOMPLETO ❌
2025-10-07 07:34:42,1.44,INCOMPLETO ❌
2025-10-07 07:34:42,0.06,INCOMPLETO ❌
2025-10-07 07:34:43,0.44,INCOMPLETO ❌
2025-10-07 07:34:45,2.04,OK ✅
2025-10-07 07:41:33,2.04,OK ✅
2025-10-07 07:41:58,2.03,OK ✅
2025-10-07 07:42:00,0.06,INCOMPLETO ❌
2025-10-07 07:42:01,0.26,INCOMPLETO ❌
2025-10-07 07:42:01,0.07,INCOMPLETO ❌
2025-10-07 07:42:02,0.33,INCOMPLETO ❌
2025-10-07 07:42:03,0.72,INCOMPLETO ❌
2025-10-07 07:42:05,0.27,INCOMPLETO ❌
2025-10-07 07:42:06,0.27,INCOMPLETO ❌
2025-10-07 07:42:07,0.33,INCOMPLETO ❌
2025-10-07 07:42:08,0.14,INCOMPLETO ❌
2025-10-07 07:42:10,2.06,OK ✅
2025-10-07 07:42:19,2.02,OK ✅
2025-10-07 07:44:16,2.04,OK ✅
2025-10-07 07:45:37,0.26,INCOMPLETO ❌
2025-10-07 07:45:38,0.26,INCOMPLETO ❌
2025-10-07 07:45:38,0.06,INCOMPLETO ❌
2025-10-07 07:45:38,0.06,INCOMPLETO ❌
2025-10-07 07:45:39,0.3,INCOMPLETO ❌
2025-10-07 07:45:41,2.04,OK ✅
2025-10-07 07:46:14,1.55,INCOMPLETO ❌
2025-10-07 07:46:15,0.09,INCOMPLETO ❌
2025-10-07 07:46:18,2.04,OK ✅
2025-10-07 07:46:24,0.19,INCOMPLETO ❌
2025-10-07 07:46:26,2.05,OK ✅
2025-10-07 07:46:31,0.97,INCOMPLETO ❌
2025-10-07 07:46:32,0.7,INCOMPLETO ❌
2025-10-07 07:46:32,0.07,INCOMPLETO ❌
2025-10-07 07:46:33,0.14,INCOMPLETO ❌
2025-10-07 07:46:33,0.07,INCOMPLETO ❌
2025-10-07 07:46:34,0.67,INCOMPLETO ❌
2025-10-07 07:46:34,0.06,INCOMPLETO ❌
2025-10-07 07:46:34,0.12,INCOMPLETO ❌
2025-10-07 07:46:35,0.78,INCOMPLETO ❌
2025-10-07 07:46:37,2.03,OK ✅
2025-10-07 07:46:42,0.06,INCOMPLETO ❌
2025-10-07 07:46:43,0.06,INCOMPLETO ❌
2025-10-07 07:46:43,0.12,INCOMPLETO ❌
2025-10-07 07:46:44,0.59,INCOMPLETO ❌
2025-10-07 07:46:46,2.07,OK ✅
2025-10-07 07:47:09,2.08,OK ✅
2025-10-07 07:47:14,0.59,INCOMPLETO ❌
2025-10-07 07:47:14,0.09,INCOMPLETO ❌
2025-10-07 07:47:15,0.16,INCOMPLETO ❌
2025-10-07 07:47:15,0.09,INCOMPLETO ❌
2025-10-07 07:47:16,0.08,INCOMPLETO ❌
2025-10-07 07:47:18,1.93,INCOMPLETO ❌
2025-10-07 07:47:18,0.69,INCOMPLETO ❌
2025-10-07 07:47:21,2.05,OK ✅
2025-10-07 07:49:28,0.09,INCOMPLETO ❌
2025-10-07 07:49:28,0.09,INCOMPLETO ❌
2025-10-07 07:49:30,2.01,OK ✅
2025-10-07 07:49:34,0.69,INCOMPLETO ❌
2025-10-07 07:49:34,0.08,INCOMPLETO ❌
2025-10-07 07:49:36,2.07,OK ✅
2025-10-07 07:51:05,1.53,INCOMPLETO ❌
2025-10-07 07:51:06,0.09,INCOMPLETO ❌
2025-10-07 07:51:07,0.09,INCOMPLETO ❌
2025-10-07 07:51:08,0.32,INCOMPLETO ❌
2025-10-07 07:51:08,0.09,INCOMPLETO ❌
2025-10-07 07:51:09,0.09,INCOMPLETO ❌
2025-10-07 07:51:09,0.08,INCOMPLETO ❌
2025-10-07 07:51:11,2.07,OK ✅
2025-10-07 07:52:35,2.03,OK ✅
2025-10-07 07:52:54,2.05,OK ✅
2025-10-07 07:53:47,2.14,OK ✅
2025-10-07 07:53:50,2.04,OK ✅
2025-10-07 07:54:40,2.07,OK ✅
2025-10-07 07:55:41,0.17,INCOMPLETO ❌
2025-10-07 07:55:42,0.09,INCOMPLETO ❌
2025-10-07 07:55:42,0.09,INCOMPLETO ❌
2025-10-07 07:55:43,0.28,INCOMPLETO ❌
2025-10-07 07:55:44,0.17,INCOMPLETO ❌
2025-10-07 07:55:45,0.08,INCOMPLETO ❌
2025-10-07 07:55:45,0.09,INCOMPLETO ❌
2025-10-07 07:55:47,0.08,INCOMPLETO ❌
2025-10-07 07:55:49,2.02,OK ✅
2025-10-07 07:55:52,0.36,INCOMPLETO ❌
2025-10-07 07:55:54,2.01,OK ✅
2025-10-07 07:56:00,2.03,OK ✅
2025-10-07 07:56:02,0.1,INCOMPLETO ❌
2025-10-07 07:56:04,0.46,INCOMPLETO ❌
2025-10-07 07:56:04,0.09,INCOMPLETO ❌
2025-10-07 07:56:07,2.07,OK ✅
2025-10-07 07:56:08,0.79,INCOMPLETO ❌
2025-10-07 07:56:09,0.99,INCOMPLETO ❌
2025-10-07 07:56:10,1.56,INCOMPLETO ❌
2025-10-07 07:56:11,0.52,INCOMPLETO ❌
2025-10-07 07:56:12,0.52,INCOMPLETO ❌
2025-10-07 07:56:12,0.1,INCOMPLETO ❌
2025-10-07 07:56:14,2.07,OK ✅
2025-10-07 07:56:16,0.11,INCOMPLETO ❌
2025-10-07 07:56:17,0.11,INCOMPLETO ❌
2025-10-07 07:56:17,0.1,INCOMPLETO ❌
2025-10-07 07:56:17,0.11,INCOMPLETO ❌
2025-10-07 07:56:17,0.1,INCOMPLETO ❌
2025-10-07 07:56:17,0.11,INCOMPLETO ❌
2025-10-07 07:56:18,0.11,INCOMPLETO ❌
2025-10-07 07:56:18,0.22,INCOMPLETO ❌
2025-10-07 07:56:18,0.22,INCOMPLETO ❌
2025-10-07 07:56:19,0.54,INCOMPLETO ❌
2025-10-07 07:56:20,1.17,INCOMPLETO ❌
2025-10-07 07:56:22,2.03,OK ✅
2025-10-07 07:56:25,2.08,INCOMPLETO ❌
2025-10-07 07:56:27,2.0,OK ✅
2025-10-07 07:56:31,2.04,OK ✅
2025-10-07 07:56:32,0.2,INCOMPLETO ❌
2025-10-07 07:56:35,2.09,OK ✅
2025-10-07 07:56:38,2.14,OK ✅
2025-10-07 07:56:43,0.11,INCOMPLETO ❌
2025-10-07 07:56:43,0.09,INCOMPLETO ❌
2025-10-07 07:56:45,2.06,OK ✅
2025-10-07 07:57:12,0.35,INCOMPLETO ❌
2025-10-07 07:57:21,0.08,INCOMPLETO ❌
2025-10-07 07:57:21,0.08,INCOMPLETO ❌
2025-10-07 07:57:22,0.18,INCOMPLETO ❌
2025-10-07 07:57:24,2.05,OK ✅
2025-10-07 07:57:26,0.28,INCOMPLETO ❌
2025-10-07 08:00:15,0.09,INCOMPLETO ❌
2025-10-07 08:00:16,0.17,INCOMPLETO ❌
2025-10-07 08:00:16,0.09,INCOMPLETO ❌
2025-10-07 08:00:16,0.15,INCOMPLETO ❌
2025-10-07 08:00:17,0.09,INCOMPLETO ❌
2025-10-07 08:00:17,0.16,INCOMPLETO ❌
2025-10-07 08:00:17,0.08,INCOMPLETO ❌
2025-10-07 08:00:17,0.08,INCOMPLETO ❌
2025-10-07 08:00:33,0.08,INCOMPLETO ❌
2025-10-07 08:00:33,0.09,INCOMPLETO ❌
2025-10-07 08:00:40,0.09,INCOMPLETO ❌
2025-10-07 08:00:42,0.09,INCOMPLETO ❌
2025-10-07 08:00:43,0.08,INCOMPLETO ❌
2025-10-07 08:00:48,0.08,INCOMPLETO ❌
2025-10-07 08:00:53,0.08,INCOMPLETO ❌
2025-10-07 08:00:55,0.09,INCOMPLETO ❌
2025-10-07 08:00:56,0.08,INCOMPLETO ❌
2025-10-07 08:00:58,0.09,INCOMPLETO ❌
2025-10-07 08:01:04,0.09,INCOMPLETO ❌
2025-10-07 08:01:04,0.08,INCOMPLETO ❌
2025-10-07 08:01:08,0.09,INCOMPLETO ❌
2025-10-07 08:01:14,0.09,INCOMPLETO ❌
2025-10-07 08:01:15,0.07,INCOMPLETO ❌
2025-10-07 08:01:16,0.08,INCOMPLETO ❌
2025-10-07 08:01:20,0.09,INCOMPLETO ❌
2025-10-07 08:01:25,0.09,INCOMPLETO ❌
2025-10-07 08:01:27,0.09,INCOMPLETO ❌
2025-10-07 08:01:33,0.08,INCOMPLETO ❌
2025-10-07 08:01:34,0.09,INCOMPLETO ❌
2025-10-07 08:01:34,0.09,INCOMPLETO ❌
2025-10-07 08:01:36,0.09,INCOMPLETO ❌
2025-10-07 08:01:37,0.1,INCOMPLETO ❌
2025-10-07 08:01:40,0.09,INCOMPLETO ❌
2025-10-07 08:01:43,0.08,INCOMPLETO ❌
2025-10-07 08:01:44,0.09,INCOMPLETO ❌
2025-10-07 08:01:56,0.1,INCOMPLETO ❌
2025-10-07 08:01:59,0.08,INCOMPLETO ❌
2025-10-07 08:02:02,0.09,INCOMPLETO ❌
2025-10-07 08:02:05,0.09,INCOMPLETO ❌
2025-10-07 08:02:06,0.08,INCOMPLETO ❌
2025-10-07 08:02:09,0.09,INCOMPLETO ❌
2025-10-07 08:02:10,0.08,INCOMPLETO ❌
2025-10-07 08:02:13,0.09,INCOMPLETO ❌
2025-10-07 08:02:14,0.09,INCOMPLETO ❌
2025-10-07 08:02:14,0.09,INCOMPLETO ❌
2025-10-07 08:02:15,0.09,INCOMPLETO ❌
2025-10-07 08:02:44,0.09,INCOMPLETO ❌
2025-10-07 08:02:56,0.08,INCOMPLETO ❌
2025-10-07 08:03:00,0.09,INCOMPLETO ❌
2025-10-07 08:03:04,0.08,INCOMPLETO ❌
2025-10-07 08:03:25,0.08,INCOMPLETO ❌
2025-10-07 08:03:33,0.08,INCOMPLETO ❌
2025-10-07 08:03:39,0.09,INCOMPLETO ❌
2025-10-07 08:03:45,0.09,INCOMPLETO ❌
2025-10-07 08:03:51,0.07,INCOMPLETO ❌
2025-10-07 08:04:03,0.09,INCOMPLETO ❌
2025-10-07 08:04:05,0.09,INCOMPLETO ❌
2025-10-07 08:04:07,0.08,INCOMPLETO ❌
2025-10-07 08:04:08,0.08,INCOMPLETO ❌
2025-10-07 08:04:09,0.08,INCOMPLETO ❌
2025-10-07 08:04:13,0.08,INCOMPLETO ❌
2025-10-07 08:04:20,0.08,INCOMPLETO ❌
2025-10-07 08:04:26,0.09,INCOMPLETO ❌
2025-10-07 08:04:34,0.09,INCOMPLETO ❌
2025-10-07 08:04:37,0.09,INCOMPLETO ❌
2025-10-07 08:04:38,0.09,INCOMPLETO ❌
2025-10-07 08:04:44,0.09,INCOMPLETO ❌
2025-10-07 08:04:48,0.08,INCOMPLETO ❌
2025-10-07 08:04:49,0.09,INCOMPLETO ❌
2025-10-07 08:04:50,0.08,INCOMPLETO ❌
2025-10-07 08:04:51,0.09,INCOMPLETO ❌
2025-10-07 08:04:57,0.08,INCOMPLETO ❌
2025-10-07 08:04:59,0.09,INCOMPLETO ❌
2025-10-07 08:05:04,0.07,INCOMPLETO ❌
2025-10-07 08:05:04,0.08,INCOMPLETO ❌
2025-10-07 08:05:05,0.08,INCOMPLETO ❌
2025-10-07 08:05:07,0.08,INCOMPLETO ❌
2025-10-07 08:05:08,0.08,INCOMPLETO ❌
2025-10-07 08:05:10,0.09,INCOMPLETO ❌
2025-10-07 08:05:13,0.08,INCOMPLETO ❌
2025-10-07 08:05:21,0.08,INCOMPLETO ❌
2025-10-07 08:05:22,0.08,INCOMPLETO ❌
2025-10-07 08:05:26,0.08,INCOMPLETO ❌
2025-10-07 08:05:29,0.08,INCOMPLETO ❌
2025-10-07 08:05:30,0.08,INCOMPLETO ❌
2025-10-07 08:05:30,0.08,INCOMPLETO ❌
2025-10-07 08:05:30,0.08,INCOMPLETO ❌
2025-10-07 08:05:32,0.08,INCOMPLETO ❌
2025-10-07 08:05:35,0.09,INCOMPLETO ❌
2025-10-07 08:05:36,0.08,INCOMPLETO ❌
2025-10-07 08:05:36,0.08,INCOMPLETO ❌
2025-10-07 08:05:37,0.08,INCOMPLETO ❌
2025-10-07 08:05:41,0.08,INCOMPLETO ❌
2025-10-07 08:05:44,0.08,INCOMPLETO ❌
2025-10-07 08:05:47,0.08,INCOMPLETO ❌
2025-10-07 08:05:50,0.08,INCOMPLETO ❌
2025-10-07 08:05:51,0.08,INCOMPLETO ❌
2025-10-07 08:05:51,0.08,INCOMPLETO ❌
2025-10-07 08:05:52,0.08,INCOMPLETO ❌
2025-10-07 08:05:55,0.08,INCOMPLETO ❌
2025-10-07 08:06:02,0.08,INCOMPLETO ❌
2025-10-07 08:06:02,0.08,INCOMPLETO ❌
2025-10-07 08:06:06,0.08,INCOMPLETO ❌
2025-10-07 08:06:07,0.08,INCOMPLETO ❌
2025-10-07 08:06:11,0.07,INCOMPLETO ❌
2025-10-07 08:06:15,0.09,INCOMPLETO ❌
2025-10-07 08:06:16,0.07,INCOMPLETO ❌
2025-10-07 08:06:18,0.07,INCOMPLETO ❌
2025-10-07 08:06:23,0.08,INCOMPLETO ❌
2025-10-07 08:06:23,0.08,INCOMPLETO ❌
2025-10-07 08:06:26,0.08,INCOMPLETO ❌
2025-10-07 08:06:26,0.09,INCOMPLETO ❌
2025-10-07 08:06:26,0.07,INCOMPLETO ❌
2025-10-07 08:06:26,0.08,INCOMPLETO ❌
2025-10-07 08:06:28,0.09,INCOMPLETO ❌
2025-10-07 08:06:29,0.07,INCOMPLETO ❌
2025-10-07 08:06:34,0.08,INCOMPLETO ❌
2025-10-07 08:06:34,0.08,INCOMPLETO ❌
2025-10-07 08:06:34,0.08,INCOMPLETO ❌
2025-10-07 08:06:36,0.16,INCOMPLETO ❌
2025-10-07 08:06:37,0.08,INCOMPLETO ❌
2025-10-07 08:06:38,0.08,INCOMPLETO ❌
2025-10-07 08:06:39,0.08,INCOMPLETO ❌
2025-10-07 08:06:42,0.15,INCOMPLETO ❌
2025-10-07 08:06:43,0.09,INCOMPLETO ❌
2025-10-07 08:06:47,0.08,INCOMPLETO ❌
2025-10-07 08:06:48,0.09,INCOMPLETO ❌
2025-10-07 08:06:48,0.08,INCOMPLETO ❌
2025-10-07 08:06:50,0.08,INCOMPLETO ❌
2025-10-07 08:06:51,0.07,INCOMPLETO ❌
2025-10-07 08:06:54,0.08,INCOMPLETO ❌
2025-10-07 08:06:56,0.08,INCOMPLETO ❌
2025-10-07 08:07:00,0.08,INCOMPLETO ❌
2025-10-07 08:07:01,0.16,INCOMPLETO ❌
2025-10-07 08:07:01,0.08,INCOMPLETO ❌
2025-10-07 08:07:04,0.08,INCOMPLETO ❌
2025-10-07 08:07:04,0.09,INCOMPLETO ❌
2025-10-07 08:07:09,0.09,INCOMPLETO ❌
2025-10-07 08:07:09,0.08,INCOMPLETO ❌
2025-10-07 08:07:13,0.08,INCOMPLETO ❌
2025-10-07 08:07:14,0.09,INCOMPLETO ❌
2025-10-07 08:07:15,0.09,INCOMPLETO ❌
2025-10-07 08:07:17,0.09,INCOMPLETO ❌
2025-10-07 08:07:17,0.08,INCOMPLETO ❌
2025-10-07 08:07:17,0.07,INCOMPLETO ❌
2025-10-07 08:07:19,0.08,INCOMPLETO ❌
2025-10-07 08:07:20,0.08,INCOMPLETO ❌
2025-10-07 08:07:21,0.09,INCOMPLETO ❌
2025-10-07 08:07:21,0.08,INCOMPLETO ❌
2025-10-07 08:07:22,0.08,INCOMPLETO ❌
2025-10-07 08:07:23,0.08,INCOMPLETO ❌
2025-10-07 08:07:24,0.08,INCOMPLETO ❌
2025-10-07 08:07:25,0.09,INCOMPLETO ❌
2025-10-07 08:07:30,0.07,INCOMPLETO ❌
2025-10-07 08:07:31,0.09,INCOMPLETO ❌
2025-10-07 08:07:32,0.08,INCOMPLETO ❌
2025-10-07 08:07:33,0.08,INCOMPLETO ❌
2025-10-07 08:07:34,0.08,INCOMPLETO ❌
2025-10-07 08:07:36,0.08,INCOMPLETO ❌
2025-10-07 08:07:39,0.08,INCOMPLETO ❌
2025-10-07 08:07:44,0.09,INCOMPLETO ❌
2025-10-07 08:07:45,0.09,INCOMPLETO ❌
2025-10-07 08:07:48,0.09,INCOMPLETO ❌
2025-10-07 08:07:50,0.09,INCOMPLETO ❌
2025-10-07 08:07:54,0.08,INCOMPLETO ❌
2025-10-07 08:07:55,0.09,INCOMPLETO ❌
2025-10-07 08:07:57,0.08,INCOMPLETO ❌
2025-10-07 08:07:58,0.08,INCOMPLETO ❌
2025-10-07 08:08:00,0.09,INCOMPLETO ❌
2025-10-07 08:08:01,0.08,INCOMPLETO ❌
2025-10-07 08:08:03,0.08,INCOMPLETO ❌
2025-10-07 08:08:04,0.17,INCOMPLETO ❌
2025-10-07 08:08:04,0.08,INCOMPLETO ❌
2025-10-07 08:08:05,0.08,INCOMPLETO ❌
2025-10-07 08:08:07,0.09,INCOMPLETO ❌
2025-10-07 08:08:07,0.08,INCOMPLETO ❌
2025-10-07 08:08:07,0.08,INCOMPLETO ❌
2025-10-07 08:08:09,0.08,INCOMPLETO ❌
2025-10-07 08:08:10,0.08,INCOMPLETO ❌
2025-10-07 08:08:11,0.08,INCOMPLETO ❌
2025-10-07 08:08:11,0.07,INCOMPLETO ❌
2025-10-07 08:08:11,0.09,INCOMPLETO ❌
2025-10-07 08:08:12,0.08,INCOMPLETO ❌
2025-10-07 08:08:12,0.07,INCOMPLETO ❌
2025-10-07 08:08:13,0.08,INCOMPLETO ❌
2025-10-07 08:08:14,0.09,INCOMPLETO ❌
2025-10-07 08:08:22,0.24,INCOMPLETO ❌
2025-10-07 08:08:23,0.08,INCOMPLETO ❌
2025-10-07 08:08:23,0.08,INCOMPLETO ❌
2025-10-07 08:08:24,0.08,INCOMPLETO ❌
2025-10-07 08:08:25,0.09,INCOMPLETO ❌
2025-10-07 08:08:27,0.08,INCOMPLETO ❌
2025-10-07 08:08:30,0.08,INCOMPLETO ❌
2025-10-07 08:08:32,0.08,INCOMPLETO ❌
2025-10-07 08:08:34,0.08,INCOMPLETO ❌
2025-10-07 08:08:38,0.08,INCOMPLETO ❌
2025-10-07 08:08:38,0.09,INCOMPLETO ❌
2025-10-07 08:08:39,0.08,INCOMPLETO ❌
2025-10-07 08:08:41,0.08,INCOMPLETO ❌
2025-10-07 08:08:43,0.08,INCOMPLETO ❌
2025-10-07 08:08:43,0.09,INCOMPLETO ❌
2025-10-07 08:08:44,0.09,INCOMPLETO ❌
2025-10-07 08:08:46,0.17,INCOMPLETO ❌
2025-10-07 08:08:47,0.07,INCOMPLETO ❌
2025-10-07 08:08:47,0.07,INCOMPLETO ❌
2025-10-07 08:08:48,0.08,INCOMPLETO ❌
2025-10-07 08:08:50,0.09,INCOMPLETO ❌
2025-10-07 08:08:52,0.08,INCOMPLETO ❌
2025-10-07 08:08:54,0.08,INCOMPLETO ❌
2025-10-07 08:08:54,0.09,INCOMPLETO ❌
2025-10-07 08:08:57,0.08,INCOMPLETO ❌
2025-10-07 08:08:58,0.09,INCOMPLETO ❌
2025-10-07 08:09:00,0.08,INCOMPLETO ❌
2025-10-07 08:09:00,0.08,INCOMPLETO ❌
2025-10-07 08:09:00,0.08,INCOMPLETO ❌
2025-10-07 08:09:00,0.09,INCOMPLETO ❌
2025-10-07 08:09:01,0.09,INCOMPLETO ❌
2025-10-07 08:09:03,0.08,INCOMPLETO ❌
2025-10-07 08:09:03,0.09,INCOMPLETO ❌
2025-10-07 08:09:05,0.09,INCOMPLETO ❌
2025-10-07 08:09:06,0.08,INCOMPLETO ❌
2025-10-07 08:09:07,0.08,INCOMPLETO ❌
2025-10-07 08:09:09,0.09,INCOMPLETO ❌
2025-10-07 08:09:09,0.08,INCOMPLETO ❌
2025-10-07 08:09:10,0.08,INCOMPLETO ❌
2025-10-07 08:09:14,0.16,INCOMPLETO ❌
2025-10-07 08:09:14,0.08,INCOMPLETO ❌
2025-10-07 08:09:16,0.08,INCOMPLETO ❌
2025-10-07 08:09:17,0.08,INCOMPLETO ❌
2025-10-07 08:09:18,0.08,INCOMPLETO ❌
2025-10-07 08:09:21,0.07,INCOMPLETO ❌
2025-10-07 08:09:25,0.08,INCOMPLETO ❌
2025-10-07 08:09:33,0.08,INCOMPLETO ❌
2025-10-07 08:09:35,0.08,INCOMPLETO ❌
2025-10-07 08:09:36,0.16,INCOMPLETO ❌
2025-10-07 08:09:37,0.07,INCOMPLETO ❌
2025-10-07 08:09:38,0.08,INCOMPLETO ❌
2025-10-07 08:09:39,0.07,INCOMPLETO ❌
2025-10-07 08:09:42,0.08,INCOMPLETO ❌
2025-10-07 08:09:45,0.08,INCOMPLETO ❌
2025-10-07 08:09:45,0.07,INCOMPLETO ❌
2025-10-07 08:09:47,0.08,INCOMPLETO ❌
2025-10-07 08:09:50,0.08,INCOMPLETO ❌
2025-10-07 08:09:52,0.08,INCOMPLETO ❌
2025-10-07 08:09:52,0.08,INCOMPLETO ❌
2025-10-07 08:09:54,0.08,INCOMPLETO ❌
2025-10-07 08:09:58,0.08,INCOMPLETO ❌
2025-10-07 08:09:59,0.07,INCOMPLETO ❌
2025-10-07 08:09:59,0.07,INCOMPLETO ❌
2025-10-07 08:10:00,0.08,INCOMPLETO ❌
2025-10-07 08:10:01,0.16,INCOMPLETO ❌
2025-10-07 08:10:01,0.08,INCOMPLETO ❌
2025-10-07 08:10:02,0.08,INCOMPLETO ❌
2025-10-07 08:10:03,0.08,INCOMPLETO ❌
2025-10-07 08:10:04,0.08,INCOMPLETO ❌
2025-10-07 08:10:05,0.09,INCOMPLETO ❌
2025-10-07 08:10:09,0.08,INCOMPLETO ❌
2025-10-07 08:10:09,0.09,INCOMPLETO ❌
2025-10-07 08:10:10,0.09,INCOMPLETO ❌
2025-10-07 08:10:10,0.08,INCOMPLETO ❌
2025-10-07 08:10:11,0.08,INCOMPLETO ❌
2025-10-07 08:10:11,0.08,INCOMPLETO ❌
2025-10-07 08:10:13,0.08,INCOMPLETO ❌
2025-10-07 08:10:15,0.08,INCOMPLETO ❌
2025-10-07 08:10:16,0.08,INCOMPLETO ❌
2025-10-07 08:10:18,0.08,INCOMPLETO ❌
2025-10-07 08:10:19,0.09,INCOMPLETO ❌
2025-10-07 08:10:22,0.09,INCOMPLETO ❌
2025-10-07 08:10:22,0.08,INCOMPLETO ❌
2025-10-07 08:10:24,0.09,INCOMPLETO ❌
2025-10-07 08:10:25,0.08,INCOMPLETO ❌
2025-10-07 08:10:27,0.08,INCOMPLETO ❌
2025-10-07 08:10:28,0.07,INCOMPLETO ❌
2025-10-07 08:10:35,0.09,INCOMPLETO ❌
2025-10-07 08:10:36,0.08,INCOMPLETO ❌
2025-10-07 08:10:40,0.08,INCOMPLETO ❌
2025-10-07 08:10:43,0.08,INCOMPLETO ❌
2025-10-07 08:10:44,0.08,INCOMPLETO ❌
2025-10-07 08:10:46,0.08,INCOMPLETO ❌
2025-10-07 08:10:48,0.08,INCOMPLETO ❌
2025-10-07 08:10:48,0.08,INCOMPLETO ❌
2025-10-07 08:10:49,0.08,INCOMPLETO ❌
2025-10-07 08:10:52,0.08,INCOMPLETO ❌
2025-10-07 08:10:53,0.08,INCOMPLETO ❌
2025-10-07 08:10:56,0.08,INCOMPLETO ❌
2025-10-07 08:10:58,0.08,INCOMPLETO ❌
2025-10-07 08:10:59,0.08,INCOMPLETO ❌
2025-10-07 08:11:03,0.08,INCOMPLETO ❌
2025-10-07 08:11:04,0.09,INCOMPLETO ❌
2025-10-07 08:11:04,0.08,INCOMPLETO ❌
2025-10-07 08:11:05,0.08,INCOMPLETO ❌
2025-10-07 08:11:05,0.08,INCOMPLETO ❌
2025-10-07 08:11:05,0.09,INCOMPLETO ❌
2025-10-07 08:11:11,0.08,INCOMPLETO ❌
2025-10-07 08:11:12,0.09,INCOMPLETO ❌
2025-10-07 08:11:13,0.08,INCOMPLETO ❌
2025-10-07 08:11:13,0.1,INCOMPLETO ❌
2025-10-07 08:11:14,0.07,INCOMPLETO ❌
2025-10-07 08:11:14,0.07,INCOMPLETO ❌
2025-10-07 08:11:16,0.08,INCOMPLETO ❌
2025-10-07 08:11:17,0.07,INCOMPLETO ❌
2025-10-07 08:11:18,0.09,INCOMPLETO ❌
2025-10-07 08:11:21,0.08,INCOMPLETO ❌
2025-10-07 08:11:22,0.08,INCOMPLETO ❌
2025-10-07 08:11:24,0.08,INCOMPLETO ❌
2025-10-07 08:11:24,0.07,INCOMPLETO ❌
2025-10-07 08:11:26,0.09,INCOMPLETO ❌
2025-10-07 08:11:27,0.08,INCOMPLETO ❌
2025-10-07 08:11:28,0.08,INCOMPLETO ❌
2025-10-07 08:11:33,0.08,INCOMPLETO ❌
2025-10-07 08:11:33,0.08,INCOMPLETO ❌
2025-10-07 08:11:34,0.08,INCOMPLETO ❌
2025-10-07 08:11:37,0.08,INCOMPLETO ❌
2025-10-07 08:11:39,0.07,INCOMPLETO ❌
2025-10-07 08:11:39,0.08,INCOMPLETO ❌
2025-10-07 08:11:41,0.08,INCOMPLETO ❌
2025-10-07 08:11:41,0.08,INCOMPLETO ❌
2025-10-07 08:11:43,0.07,INCOMPLETO ❌
2025-10-07 08:11:43,0.08,INCOMPLETO ❌
2025-10-07 08:11:44,0.08,INCOMPLETO ❌
2025-10-07 08:11:44,0.07,INCOMPLETO ❌
2025-10-07 08:11:45,0.08,INCOMPLETO ❌
2025-10-07 08:11:46,0.25,INCOMPLETO ❌
2025-10-07 08:11:46,0.09,INCOMPLETO ❌
2025-10-07 08:11:48,0.15,INCOMPLETO ❌
2025-10-07 08:11:49,0.09,INCOMPLETO ❌
2025-10-07 08:11:50,0.08,INCOMPLETO ❌
2025-10-07 08:11:52,0.08,INCOMPLETO ❌
2025-10-07 08:11:52,0.08,INCOMPLETO ❌
2025-10-07 08:11:54,0.09,INCOMPLETO ❌
2025-10-07 08:11:56,0.08,INCOMPLETO ❌
2025-10-07 08:11:57,0.08,INCOMPLETO ❌
2025-10-07 08:12:00,0.08,INCOMPLETO ❌
2025-10-07 08:12:06,0.08,INCOMPLETO ❌
2025-10-07 08:12:06,0.08,INCOMPLETO ❌
2025-10-07 08:12:12,0.08,INCOMPLETO ❌
2025-10-07 08:12:12,0.08,INCOMPLETO ❌
2025-10-07 08:12:13,0.09,INCOMPLETO ❌
2025-10-07 08:12:13,0.08,INCOMPLETO ❌
2025-10-07 08:12:14,0.08,INCOMPLETO ❌
2025-10-07 08:12:14,0.09,INCOMPLETO ❌
2025-10-07 08:12:16,0.08,INCOMPLETO ❌
2025-10-07 08:12:18,0.08,INCOMPLETO ❌
2025-10-07 08:12:20,0.08,INCOMPLETO ❌
2025-10-07 08:12:20,0.08,INCOMPLETO ❌
2025-10-07 08:12:21,0.08,INCOMPLETO ❌
2025-10-07 08:12:24,0.07,INCOMPLETO ❌
2025-10-07 08:12:25,0.09,INCOMPLETO ❌
2025-10-07 08:12:26,0.08,INCOMPLETO ❌
2025-10-07 08:12:26,0.07,INCOMPLETO ❌
2025-10-07 08:12:28,0.09,INCOMPLETO ❌
2025-10-07 08:12:29,0.08,INCOMPLETO ❌
2025-10-07 08:12:34,0.08,INCOMPLETO ❌
2025-10-07 08:12:36,0.08,INCOMPLETO ❌
2025-10-07 08:12:37,0.08,INCOMPLETO ❌
2025-10-07 08:12:41,0.09,INCOMPLETO ❌
2025-10-07 08:12:42,0.08,INCOMPLETO ❌
2025-10-07 08:12:48,0.08,INCOMPLETO ❌
2025-10-07 08:12:49,0.08,INCOMPLETO ❌
2025-10-07 08:12:50,0.08,INCOMPLETO ❌
2025-10-07 08:12:50,0.08,INCOMPLETO ❌
2025-10-07 08:12:52,0.08,INCOMPLETO ❌
2025-10-07 08:12:52,0.09,INCOMPLETO ❌
2025-10-07 08:12:54,0.07,INCOMPLETO ❌
2025-10-07 08:12:58,0.08,INCOMPLETO ❌
2025-10-07 08:12:58,0.08,INCOMPLETO ❌
2025-10-07 08:13:01,0.08,INCOMPLETO ❌
2025-10-07 08:13:03,0.08,INCOMPLETO ❌
2025-10-07 08:13:03,0.09,INCOMPLETO ❌
2025-10-07 08:13:04,0.07,INCOMPLETO ❌
2025-10-07 08:13:05,0.08,INCOMPLETO ❌
2025-10-07 08:13:09,0.08,INCOMPLETO ❌
2025-10-07 08:13:09,0.08,INCOMPLETO ❌
2025-10-07 08:13:12,0.09,INCOMPLETO ❌
2025-10-07 08:13:15,0.08,INCOMPLETO ❌
2025-10-07 08:13:17,0.08,INCOMPLETO ❌
2025-10-07 08:13:19,0.07,INCOMPLETO ❌
2025-10-07 08:13:22,0.08,INCOMPLETO ❌
2025-10-07 08:13:22,0.08,INCOMPLETO ❌
2025-10-07 08:13:24,0.08,INCOMPLETO ❌
2025-10-07 08:13:24,0.09,INCOMPLETO ❌
2025-10-07 08:13:25,0.08,INCOMPLETO ❌
2025-10-07 08:13:26,0.09,INCOMPLETO ❌
2025-10-07 08:13:28,0.16,INCOMPLETO ❌
2025-10-07 08:13:33,0.08,INCOMPLETO ❌
2025-10-07 08:13:37,0.09,INCOMPLETO ❌
2025-10-07 08:13:39,0.08,INCOMPLETO ❌
2025-10-07 08:13:41,0.08,INCOMPLETO ❌
2025-10-07 08:13:41,0.08,INCOMPLETO ❌
2025-10-07 08:13:43,0.08,INCOMPLETO ❌
2025-10-07 08:13:44,0.08,INCOMPLETO ❌
2025-10-07 08:13:45,0.08,INCOMPLETO ❌
2025-10-07 08:13:46,0.08,INCOMPLETO ❌
2025-10-07 08:13:48,0.08,INCOMPLETO ❌
2025-10-07 08:13:49,0.08,INCOMPLETO ❌
2025-10-07 08:13:51,0.08,INCOMPLETO ❌
2025-10-07 08:13:55,0.08,INCOMPLETO ❌
2025-10-07 08:13:56,0.09,INCOMPLETO ❌
2025-10-07 08:13:56,0.08,INCOMPLETO ❌
2025-10-07 08:13:58,0.08,INCOMPLETO ❌
2025-10-07 08:13:58,0.07,INCOMPLETO ❌
2025-10-07 08:13:58,0.08,INCOMPLETO ❌
2025-10-07 08:14:00,0.08,INCOMPLETO ❌
2025-10-07 08:14:02,0.08,INCOMPLETO ❌
2025-10-07 08:14:04,0.08,INCOMPLETO ❌
2025-10-07 08:14:08,0.08,INCOMPLETO ❌
2025-10-07 08:14:10,0.08,INCOMPLETO ❌
2025-10-07 08:14:13,0.08,INCOMPLETO ❌
2025-10-07 08:14:14,0.16,INCOMPLETO ❌
2025-10-07 08:14:15,0.08,INCOMPLETO ❌
2025-10-07 08:14:19,0.08,INCOMPLETO ❌
2025-10-07 08:14:23,0.08,INCOMPLETO ❌
2025-10-07 08:14:24,0.08,INCOMPLETO ❌
2025-10-07 08:14:26,0.08,INCOMPLETO ❌
2025-10-07 08:14:28,0.07,INCOMPLETO ❌
2025-10-07 08:14:29,0.08,INCOMPLETO ❌
2025-10-07 08:14:31,0.08,INCOMPLETO ❌
2025-10-07 08:14:31,0.08,INCOMPLETO ❌
2025-10-07 08:14:32,0.07,INCOMPLETO ❌
2025-10-07 08:14:33,0.08,INCOMPLETO ❌
2025-10-07 08:14:34,0.08,INCOMPLETO ❌
2025-10-07 08:14:35,0.08,INCOMPLETO ❌
2025-10-07 08:14:35,0.08,INCOMPLETO ❌
2025-10-07 08:14:36,0.08,INCOMPLETO ❌
2025-10-07 08:14:36,0.08,INCOMPLETO ❌
2025-10-07 08:14:37,0.08,INCOMPLETO ❌
2025-10-07 08:14:40,0.08,INCOMPLETO ❌
2025-10-07 08:14:41,0.07,INCOMPLETO ❌
2025-10-07 08:14:42,0.08,INCOMPLETO ❌
2025-10-07 08:14:44,0.09,INCOMPLETO ❌
2025-10-07 08:14:45,0.17,INCOMPLETO ❌
2025-10-07 08:14:46,0.08,INCOMPLETO ❌
2025-10-07 08:14:46,0.09,INCOMPLETO ❌
2025-10-07 08:14:50,0.08,INCOMPLETO ❌
2025-10-07 08:14:51,0.08,INCOMPLETO ❌
2025-10-07 08:14:53,0.17,INCOMPLETO ❌
2025-10-07 08:14:57,0.08,INCOMPLETO ❌
2025-10-07 08:14:57,0.07,INCOMPLETO ❌
2025-10-07 08:14:58,0.09,INCOMPLETO ❌
2025-10-07 08:14:58,0.08,INCOMPLETO ❌
2025-10-07 08:14:59,0.08,INCOMPLETO ❌
2025-10-07 08:15:00,0.08,INCOMPLETO ❌
2025-10-07 08:15:00,0.08,INCOMPLETO ❌
2025-10-07 08:15:02,0.08,INCOMPLETO ❌
2025-10-07 08:15:04,0.08,INCOMPLETO ❌
2025-10-07 08:15:05,0.09,INCOMPLETO ❌
2025-10-07 08:15:06,0.08,INCOMPLETO ❌
2025-10-07 08:15:06,0.09,INCOMPLETO ❌
2025-10-07 08:15:08,0.09,INCOMPLETO ❌
2025-10-07 08:15:10,0.07,INCOMPLETO ❌
2025-10-07 08:15:10,0.09,INCOMPLETO ❌
2025-10-07 08:17:21,0.23,INCOMPLETO ❌
2025-10-07 08:17:21,0.28,INCOMPLETO ❌
2025-10-07 08:17:22,0.22,INCOMPLETO ❌
2025-10-07 08:17:22,0.08,INCOMPLETO ❌
2025-10-07 08:17:22,0.12,INCOMPLETO ❌
2025-10-07 08:17:23,0.08,INCOMPLETO ❌
2025-10-07 08:17:23,0.07,INCOMPLETO ❌
2025-10-07 08:17:29,0.07,INCOMPLETO ❌
2025-10-07 08:17:31,0.08,INCOMPLETO ❌
2025-10-07 08:17:36,0.06,INCOMPLETO ❌
2025-10-07 08:17:37,0.07,INCOMPLETO ❌
2025-10-07 08:17:38,0.07,INCOMPLETO ❌
2025-10-07 08:17:39,0.07,INCOMPLETO ❌
2025-10-07 08:17:42,0.07,INCOMPLETO ❌
2025-10-07 08:17:42,0.06,INCOMPLETO ❌
2025-10-07 08:17:43,0.07,INCOMPLETO ❌
2025-10-07 08:17:43,0.07,INCOMPLETO ❌
2025-10-07 08:17:44,0.06,INCOMPLETO ❌
2025-10-07 08:17:44,0.06,INCOMPLETO ❌
2025-10-07 08:17:45,0.07,INCOMPLETO ❌
2025-10-07 08:17:45,0.07,INCOMPLETO ❌
2025-10-07 08:17:46,0.06,INCOMPLETO ❌
2025-10-07 08:17:46,0.06,INCOMPLETO ❌
2025-10-07 08:17:46,0.06,INCOMPLETO ❌
2025-10-07 08:17:46,0.07,INCOMPLETO ❌
2025-10-07 08:17:46,0.07,INCOMPLETO ❌
2025-10-07 08:17:47,0.13,INCOMPLETO ❌
2025-10-07 08:17:47,0.13,INCOMPLETO ❌
2025-10-07 08:17:47,0.07,INCOMPLETO ❌
2025-10-07 08:17:48,0.06,INCOMPLETO ❌
2025-10-07 08:17:49,0.06,INCOMPLETO ❌
2025-10-07 08:17:50,0.07,INCOMPLETO ❌
2025-10-07 08:17:51,0.07,INCOMPLETO ❌
2025-10-07 08:17:51,0.06,INCOMPLETO ❌
2025-10-07 08:17:52,0.06,INCOMPLETO ❌
2025-10-07 08:17:54,0.06,INCOMPLETO ❌
2025-10-07 08:17:54,0.06,INCOMPLETO ❌
2025-10-07 08:17:55,0.06,INCOMPLETO ❌
2025-10-07 08:17:55,0.07,INCOMPLETO ❌
2025-10-07 08:17:55,0.14,INCOMPLETO ❌
2025-10-07 08:17:56,0.14,INCOMPLETO ❌
2025-10-07 08:17:57,0.06,INCOMPLETO ❌
2025-10-07 08:17:57,0.06,INCOMPLETO ❌
2025-10-07 08:17:58,0.12,INCOMPLETO ❌
2025-10-07 08:17:58,0.07,INCOMPLETO ❌
2025-10-07 08:17:58,0.2,INCOMPLETO ❌
2025-10-07 08:17:59,0.19,INCOMPLETO ❌
2025-10-07 08:17:59,0.07,INCOMPLETO ❌
2025-10-07 08:17:59,0.15,INCOMPLETO ❌
2025-10-07 08:17:59,0.07,INCOMPLETO ❌
2025-10-07 08:18:00,0.08,INCOMPLETO ❌
2025-10-07 08:18:00,0.06,INCOMPLETO ❌
2025-10-07 08:18:01,0.07,INCOMPLETO ❌
2025-10-07 08:18:01,0.07,INCOMPLETO ❌
2025-10-07 08:18:01,0.07,INCOMPLETO ❌
2025-10-07 08:18:02,0.07,INCOMPLETO ❌
2025-10-07 08:18:02,0.06,INCOMPLETO ❌
2025-10-07 08:18:03,0.07,INCOMPLETO ❌
2025-10-07 08:18:04,0.21,INCOMPLETO ❌
2025-10-07 08:18:04,0.13,INCOMPLETO ❌
2025-10-07 08:18:05,0.07,INCOMPLETO ❌
2025-10-07 08:18:05,0.14,INCOMPLETO ❌
2025-10-07 08:18:06,0.15,INCOMPLETO ❌
2025-10-07 08:18:06,0.17,INCOMPLETO ❌
2025-10-07 08:18:07,0.12,INCOMPLETO ❌
2025-10-07 08:18:08,0.07,INCOMPLETO ❌
2025-10-07 08:18:08,0.07,INCOMPLETO ❌
2025-10-07 08:18:09,0.07,INCOMPLETO ❌
2025-10-07 08:18:09,0.07,INCOMPLETO ❌
2025-10-07 08:18:09,0.07,INCOMPLETO ❌
2025-10-07 08:18:09,0.07,INCOMPLETO ❌
2025-10-07 08:18:09,0.08,INCOMPLETO ❌
2025-10-07 08:18:10,0.06,INCOMPLETO ❌
2025-10-07 08:18:10,0.07,INCOMPLETO ❌
2025-10-07 08:18:11,0.06,INCOMPLETO ❌
2025-10-07 08:18:12,0.13,INCOMPLETO ❌
2025-10-07 08:18:12,0.07,INCOMPLETO ❌
2025-10-07 08:18:12,0.14,INCOMPLETO ❌
2025-10-07 08:18:13,0.07,INCOMPLETO ❌
2025-10-07 08:18:13,0.06,INCOMPLETO ❌
2025-10-07 08:18:14,0.07,INCOMPLETO ❌
2025-10-07 08:18:14,0.06,INCOMPLETO ❌
2025-10-07 08:18:14,0.07,INCOMPLETO ❌
2025-10-07 08:18:14,0.07,INCOMPLETO ❌
2025-10-07 08:18:15,0.07,INCOMPLETO ❌
2025-10-07 08:18:16,0.14,INCOMPLETO ❌
2025-10-07 08:18:16,0.06,INCOMPLETO ❌
2025-10-07 08:18:17,0.07,INCOMPLETO ❌
2025-10-07 08:18:18,0.36,INCOMPLETO ❌
2025-10-07 08:18:18,0.09,INCOMPLETO ❌
2025-10-07 08:18:19,0.09,INCOMPLETO ❌
2025-10-07 08:18:19,0.09,INCOMPLETO ❌
2025-10-07 08:18:20,0.08,INCOMPLETO ❌
2025-10-07 08:18:20,0.17,INCOMPLETO ❌
2025-10-07 08:18:21,0.08,INCOMPLETO ❌
2025-10-07 08:18:21,0.41,INCOMPLETO ❌
2025-10-07 08:18:21,0.09,INCOMPLETO ❌
2025-10-07 08:18:22,0.09,INCOMPLETO ❌
2025-10-07 08:18:22,0.1,INCOMPLETO ❌
2025-10-07 08:18:22,0.09,INCOMPLETO ❌
2025-10-07 08:18:23,0.09,INCOMPLETO ❌
2025-10-07 08:18:24,0.08,INCOMPLETO ❌
2025-10-07 08:18:24,0.09,INCOMPLETO ❌
2025-10-07 08:18:25,0.27,INCOMPLETO ❌
2025-10-07 08:18:25,0.09,INCOMPLETO ❌
2025-10-07 08:18:26,0.09,INCOMPLETO ❌
2025-10-07 08:18:26,0.09,INCOMPLETO ❌
2025-10-07 08:18:26,0.09,INCOMPLETO ❌
2025-10-07 08:18:27,0.08,INCOMPLETO ❌
2025-10-07 08:18:27,0.08,INCOMPLETO ❌
2025-10-07 08:18:30,0.09,INCOMPLETO ❌
2025-10-07 08:18:31,0.09,INCOMPLETO ❌
2025-10-07 08:18:31,0.09,INCOMPLETO ❌
2025-10-07 08:18:31,0.18,INCOMPLETO ❌
2025-10-07 08:18:32,0.17,INCOMPLETO ❌
2025-10-07 08:18:33,0.09,INCOMPLETO ❌
2025-10-07 08:18:33,0.09,INCOMPLETO ❌
2025-10-07 08:18:33,0.17,INCOMPLETO ❌
2025-10-07 08:18:34,0.09,INCOMPLETO ❌
2025-10-07 08:18:34,0.09,INCOMPLETO ❌
2025-10-07 08:18:35,0.26,INCOMPLETO ❌
2025-10-07 08:18:35,0.09,INCOMPLETO ❌
2025-10-07 08:18:36,0.18,INCOMPLETO ❌
2025-10-07 08:18:36,0.09,INCOMPLETO ❌
2025-10-07 08:18:37,0.09,INCOMPLETO ❌
2025-10-07 08:18:37,0.09,INCOMPLETO ❌
2025-10-07 08:18:37,0.17,INCOMPLETO ❌
2025-10-07 08:18:38,0.18,INCOMPLETO ❌
2025-10-07 08:18:38,0.09,INCOMPLETO ❌
2025-10-07 08:18:38,0.09,INCOMPLETO ❌
2025-10-07 08:18:39,0.09,INCOMPLETO ❌
2025-10-07 08:18:39,0.09,INCOMPLETO ❌
2025-10-07 08:18:40,0.09,INCOMPLETO ❌
2025-10-07 08:18:40,0.17,INCOMPLETO ❌
2025-10-07 08:18:41,0.1,INCOMPLETO ❌
2025-10-07 08:18:41,0.09,INCOMPLETO ❌
2025-10-07 08:18:41,0.08,INCOMPLETO ❌
2025-10-07 08:18:42,0.09,INCOMPLETO ❌
2025-10-07 08:18:42,0.1,INCOMPLETO ❌
2025-10-07 08:18:42,0.13,INCOMPLETO ❌
2025-10-07 08:18:43,0.11,INCOMPLETO ❌
2025-10-07 08:18:44,0.16,INCOMPLETO ❌
2025-10-07 08:18:44,0.18,INCOMPLETO ❌
2025-10-07 08:18:45,0.26,INCOMPLETO ❌
2025-10-07 08:18:46,0.18,INCOMPLETO ❌
2025-10-07 08:18:47,0.15,INCOMPLETO ❌
2025-10-07 08:18:48,0.09,INCOMPLETO ❌
2025-10-07 08:18:48,0.18,INCOMPLETO ❌
2025-10-07 08:18:48,0.08,INCOMPLETO ❌
2025-10-07 08:18:48,0.09,INCOMPLETO ❌
2025-10-07 08:18:49,0.08,INCOMPLETO ❌
2025-10-07 08:18:49,0.12,INCOMPLETO ❌
2025-10-07 08:18:49,0.1,INCOMPLETO ❌
2025-10-07 08:18:50,0.08,INCOMPLETO ❌
2025-10-07 08:18:50,0.08,INCOMPLETO ❌
2025-10-07 08:18:50,0.13,INCOMPLETO ❌
2025-10-07 08:18:51,0.2,INCOMPLETO ❌
2025-10-07 08:18:51,0.21,INCOMPLETO ❌
2025-10-07 08:18:51,0.09,INCOMPLETO ❌
2025-10-07 08:18:52,0.1,INCOMPLETO ❌
2025-10-07 08:18:53,0.08,INCOMPLETO ❌
2025-10-07 08:18:53,0.09,INCOMPLETO ❌
2025-10-07 08:18:54,0.08,INCOMPLETO ❌
2025-10-07 08:18:54,0.08,INCOMPLETO ❌
2025-10-07 08:18:54,0.11,INCOMPLETO ❌
2025-10-07 08:18:55,0.1,INCOMPLETO ❌
2025-10-07 08:18:56,0.08,INCOMPLETO ❌
2025-10-07 08:18:56,0.08,INCOMPLETO ❌
2025-10-07 08:18:56,0.09,INCOMPLETO ❌
2025-10-07 08:18:57,0.15,INCOMPLETO ❌
2025-10-07 08:18:57,0.1,INCOMPLETO ❌
2025-10-07 08:18:57,0.09,INCOMPLETO ❌
2025-10-07 08:18:58,0.11,INCOMPLETO ❌
2025-10-07 08:18:59,0.08,INCOMPLETO ❌
2025-10-07 08:18:59,0.09,INCOMPLETO ❌
2025-10-07 08:19:00,0.17,INCOMPLETO ❌
2025-10-07 08:19:00,0.09,INCOMPLETO ❌
2025-10-07 08:19:00,0.1,INCOMPLETO ❌
2025-10-07 08:19:01,0.19,INCOMPLETO ❌
2025-10-07 08:19:01,0.09,INCOMPLETO ❌
2025-10-07 08:19:01,0.19,INCOMPLETO ❌
2025-10-07 08:19:02,0.09,INCOMPLETO ❌
2025-10-07 08:19:02,0.09,INCOMPLETO ❌
2025-10-07 08:19:02,0.1,INCOMPLETO ❌
2025-10-07 08:19:02,0.09,INCOMPLETO ❌
2025-10-07 08:19:03,0.08,INCOMPLETO ❌
2025-10-07 08:19:04,0.09,INCOMPLETO ❌
2025-10-07 08:19:04,0.09,INCOMPLETO ❌
2025-10-07 08:19:04,0.17,INCOMPLETO ❌
2025-10-07 08:19:06,0.09,INCOMPLETO ❌
2025-10-07 08:19:06,0.09,INCOMPLETO ❌
2025-10-07 08:19:06,0.09,INCOMPLETO ❌
2025-10-07 08:19:07,0.09,INCOMPLETO ❌
2025-10-07 08:19:07,0.08,INCOMPLETO ❌
2025-10-07 08:19:08,0.26,INCOMPLETO ❌
2025-10-07 08:19:09,0.09,INCOMPLETO ❌
2025-10-07 08:19:10,0.17,INCOMPLETO ❌
2025-10-07 08:19:10,0.09,INCOMPLETO ❌
2025-10-07 08:19:11,0.1,INCOMPLETO ❌
2025-10-07 08:19:11,0.1,INCOMPLETO ❌
2025-10-07 08:19:12,0.28,INCOMPLETO ❌
2025-10-07 08:19:13,0.16,INCOMPLETO ❌
2025-10-07 08:19:13,0.1,INCOMPLETO ❌
2025-10-07 08:19:13,0.26,INCOMPLETO ❌
2025-10-07 08:19:14,0.09,INCOMPLETO ❌
2025-10-07 08:19:14,0.11,INCOMPLETO ❌
2025-10-07 08:19:14,0.09,INCOMPLETO ❌
2025-10-07 08:19:15,0.08,INCOMPLETO ❌
2025-10-07 08:19:15,0.16,INCOMPLETO ❌
2025-10-07 08:19:15,0.08,INCOMPLETO ❌
2025-10-07 08:19:16,0.09,INCOMPLETO ❌
2025-10-07 08:19:16,0.08,INCOMPLETO ❌
2025-10-07 08:19:16,0.08,INCOMPLETO ❌
2025-10-07 08:19:17,0.08,INCOMPLETO ❌
2025-10-07 08:19:18,0.19,INCOMPLETO ❌
2025-10-07 08:19:18,0.1,INCOMPLETO ❌
2025-10-07 08:19:18,0.08,INCOMPLETO ❌
2025-10-07 08:19:19,0.18,INCOMPLETO ❌
2025-10-07 08:19:20,0.09,INCOMPLETO ❌
2025-10-07 08:19:21,0.09,INCOMPLETO ❌
2025-10-07 08:19:21,0.09,INCOMPLETO ❌
2025-10-07 08:19:22,0.09,INCOMPLETO ❌
2025-10-07 08:19:22,0.09,INCOMPLETO ❌
2025-10-07 08:19:23,0.09,INCOMPLETO ❌
2025-10-07 08:19:23,0.09,INCOMPLETO ❌
2025-10-07 08:19:25,0.18,INCOMPLETO ❌
2025-10-07 08:19:25,0.08,INCOMPLETO ❌
2025-10-07 08:19:26,0.08,INCOMPLETO ❌
2025-10-07 08:19:26,0.09,INCOMPLETO ❌
2025-10-07 08:19:26,0.09,INCOMPLETO ❌
2025-10-07 08:19:27,0.17,INCOMPLETO ❌
2025-10-07 08:19:27,0.09,INCOMPLETO ❌
2025-10-07 08:19:28,0.09,INCOMPLETO ❌
2025-10-07 08:19:28,0.09,INCOMPLETO ❌
2025-10-07 08:19:29,0.08,INCOMPLETO ❌
2025-10-07 08:19:29,0.18,INCOMPLETO ❌
2025-10-07 08:19:29,0.18,INCOMPLETO ❌
2025-10-07 08:19:30,0.09,INCOMPLETO ❌
2025-10-07 08:19:30,0.09,INCOMPLETO ❌
2025-10-07 08:19:30,0.08,INCOMPLETO ❌
2025-10-07 08:19:31,0.08,INCOMPLETO ❌
2025-10-07 08:19:32,0.09,INCOMPLETO ❌
2025-10-07 08:19:32,0.09,INCOMPLETO ❌
2025-10-07 08:19:33,0.09,INCOMPLETO ❌
2025-10-07 08:19:33,0.08,INCOMPLETO ❌
2025-10-07 08:19:33,0.09,INCOMPLETO ❌
2025-10-07 08:19:33,0.18,INCOMPLETO ❌
2025-10-07 08:19:34,0.17,INCOMPLETO ❌
2025-10-07 08:19:35,0.09,INCOMPLETO ❌
2025-10-07 08:19:35,0.26,INCOMPLETO ❌
2025-10-07 08:19:35,0.09,INCOMPLETO ❌
2025-10-07 08:19:36,0.19,INCOMPLETO ❌
2025-10-07 08:19:36,0.08,INCOMPLETO ❌
2025-10-07 08:19:37,0.08,INCOMPLETO ❌
2025-10-07 08:19:38,0.09,INCOMPLETO ❌
2025-10-07 08:19:38,0.33,INCOMPLETO ❌
2025-10-07 08:19:39,0.1,INCOMPLETO ❌
2025-10-07 08:19:39,0.09,INCOMPLETO ❌
2025-10-07 08:19:39,0.1,INCOMPLETO ❌
2025-10-07 08:19:40,0.1,INCOMPLETO ❌
2025-10-07 08:19:40,0.09,INCOMPLETO ❌
2025-10-07 08:19:40,0.09,INCOMPLETO ❌
2025-10-07 08:19:41,0.08,INCOMPLETO ❌
2025-10-07 08:19:42,0.17,INCOMPLETO ❌
2025-10-07 08:19:42,0.09,INCOMPLETO ❌
2025-10-07 08:19:43,0.08,INCOMPLETO ❌
2025-10-07 08:19:43,0.08,INCOMPLETO ❌
2025-10-07 08:19:43,0.09,INCOMPLETO ❌
2025-10-07 08:19:44,0.09,INCOMPLETO ❌
2025-10-07 08:19:44,0.09,INCOMPLETO ❌
2025-10-07 08:19:45,0.09,INCOMPLETO ❌
2025-10-07 08:19:45,0.09,INCOMPLETO ❌
2025-10-07 08:19:45,0.09,INCOMPLETO ❌
2025-10-07 08:19:46,0.09,INCOMPLETO ❌
2025-10-07 08:19:47,0.08,INCOMPLETO ❌
2025-10-07 08:19:47,0.09,INCOMPLETO ❌
2025-10-07 08:19:47,0.09,INCOMPLETO ❌
2025-10-07 08:19:48,0.08,INCOMPLETO ❌
2025-10-07 08:19:48,0.09,INCOMPLETO ❌
2025-10-07 08:19:48,0.08,INCOMPLETO ❌
2025-10-07 08:19:49,0.17,INCOMPLETO ❌
2025-10-07 08:19:49,0.08,INCOMPLETO ❌
2025-10-07 08:19:49,0.09,INCOMPLETO ❌
2025-10-07 08:19:50,0.09,INCOMPLETO ❌
2025-10-07 08:19:50,0.09,INCOMPLETO ❌
2025-10-07 08:19:51,0.08,INCOMPLETO ❌
2025-10-07 08:19:52,0.19,INCOMPLETO ❌
2025-10-07 08:19:52,0.26,INCOMPLETO ❌
2025-10-07 08:19:53,0.09,INCOMPLETO ❌
2025-10-07 08:19:54,0.09,INCOMPLETO ❌
2025-10-07 08:19:55,0.09,INCOMPLETO ❌
2025-10-07 08:19:57,2.03,OK ✅
2025-10-07 08:20:13,2.02,OK ✅
2025-10-07 08:20:24,0.52,INCOMPLETO ❌
2025-10-07 08:20:26,2.04,OK ✅
2025-10-07 08:20:27,0.88,INCOMPLETO ❌
2025-10-07 08:20:29,1.33,INCOMPLETO ❌
2025-10-07 08:20:31,2.01,OK ✅
2025-10-07 08:20:50,2.12,OK ✅
2025-10-07 08:20:55,1.98,INCOMPLETO ❌
2025-10-07 08:20:57,2.06,OK ✅
2025-10-07 08:21:05,2.06,OK ✅
2025-10-07 08:21:09,0.31,INCOMPLETO ❌
2025-10-07 08:21:11,2.07,OK ✅
2025-10-07 08:21:15,2.02,OK ✅
2025-10-07 08:21:32,0.9,INCOMPLETO ❌
2025-10-07 08:21:35,2.08,OK ✅
2025-10-07 08:21:44,2.02,OK ✅
2025-10-07 08:21:48,2.06,OK ✅
2025-10-07 08:21:50,0.23,INCOMPLETO ❌
2025-10-07 08:21:52,2.02,OK ✅
2025-10-07 08:22:14,2.08,OK ✅
2025-10-07 08:22:20,2.04,OK ✅
2025-10-07 08:22:26,0.97,INCOMPLETO ❌
2025-10-07 08:22:28,2.09,OK ✅
2025-10-07 08:22:36,2.1,OK ✅
2025-10-07 08:22:41,2.05,OK ✅
2025-10-07 08:22:45,2.0,OK ✅
2025-10-07 08:22:59,2.03,OK ✅
2025-10-07 08:23:08,2.11,OK ✅
2025-10-07 08:23:11,2.02,OK ✅
2025-10-07 08:23:13,1.29,INCOMPLETO ❌
2025-10-07 08:23:15,1.17,INCOMPLETO ❌
2025-10-07 08:23:17,2.02,OK ✅
2025-10-07 08:23:21,2.04,OK ✅
2025-10-07 08:23:28,2.02,OK ✅
2025-10-07 08:23:31,2.04,OK ✅
2025-10-07 08:23:37,1.81,INCOMPLETO ❌
2025-10-07 08:23:39,2.04,OK ✅
2025-10-07 08:23:58,2.06,OK ✅
2025-10-07 08:24:02,2.05,OK ✅
2025-10-07 08:24:03,0.34,INCOMPLETO ❌
2025-10-07 08:24:05,2.03,OK ✅
2025-10-07 08:24:13,1.89,INCOMPLETO ❌
2025-10-07 08:24:14,1.55,INCOMPLETO ❌
2025-10-07 08:24:17,2.03,OK ✅
2025-10-07 08:24:20,2.03,OK ✅
2025-10-07 08:24:25,2.07,OK ✅
2025-10-07 08:24:28,2.03,OK ✅
2025-10-07 08:24:31,0.23,INCOMPLETO ❌
2025-10-07 08:24:33,1.35,INCOMPLETO ❌
2025-10-07 08:24:35,2.06,OK ✅
2025-10-07 08:24:36,0.35,INCOMPLETO ❌
2025-10-07 08:24:36,0.17,INCOMPLETO ❌
2025-10-07 08:24:36,0.35,INCOMPLETO ❌
2025-10-07 08:24:38,1.11,INCOMPLETO ❌
2025-10-07 08:24:40,2.02,OK ✅
2025-10-07 08:24:43,2.04,OK ✅
2025-10-07 10:07:17,0.19,INCOMPLETO ❌
2025-10-07 10:07:17,0.13,INCOMPLETO ❌
2025-10-07 10:07:18,0.31,INCOMPLETO ❌
2025-10-07 10:07:18,0.38,INCOMPLETO ❌
2025-10-07 10:07:19,0.07,INCOMPLETO ❌
2025-10-07 10:07:25,2.05,OK ✅
2025-10-07 10:07:46,2.06,OK ✅
2025-10-07 10:07:53,2.04,OK ✅
2025-10-07 10:08:00,0.07,INCOMPLETO ❌
2025-10-07 10:08:02,2.01,OK ✅
2025-10-07 10:08:10,2.04,OK ✅
2025-10-07 10:08:14,0.14,INCOMPLETO ❌
2025-10-07 10:08:16,0.07,INCOMPLETO ❌
2025-10-07 10:08:21,2.04,OK ✅
2025-10-07 10:08:29,2.01,OK ✅
2025-10-07 10:09:52,2.01,OK ✅
2025-10-07 10:10:00,2.01,OK ✅
2025-10-07 10:11:19,2.01,OK ✅
2025-10-07 10:11:23,0.16,INCOMPLETO ❌
2025-10-07 10:11:23,0.07,INCOMPLETO ❌
2025-10-07 10:11:24,0.09,INCOMPLETO ❌
2025-10-07 10:11:24,0.17,INCOMPLETO ❌
2025-10-07 10:11:24,0.08,INCOMPLETO ❌
2025-10-07 10:11:25,0.08,INCOMPLETO ❌
2025-10-07 10:11:26,0.08,INCOMPLETO ❌
2025-10-07 10:11:30,0.91,INCOMPLETO ❌
2025-10-07 10:11:34,2.0,OK ✅
2025-10-07 10:11:37,0.08,INCOMPLETO ❌
2025-10-07 10:11:39,0.08,INCOMPLETO ❌
2025-10-07 10:11:43,2.03,OK ✅
2025-10-07 10:11:51,2.08,OK ✅
2025-10-07 10:11:53,0.25,INCOMPLETO ❌
2025-10-07 10:11:55,2.01,OK ✅
2025-10-07 10:11:56,0.17,INCOMPLETO ❌
2025-10-07 10:11:56,0.08,INCOMPLETO ❌
2025-10-07 10:11:57,0.08,INCOMPLETO ❌
2025-10-07 10:12:00,2.08,OK ✅
2025-10-07 10:12:02,0.47,INCOMPLETO ❌
2025-10-07 10:12:04,2.07,OK ✅
2025-10-07 10:12:05,0.2,INCOMPLETO ❌
2025-10-07 10:12:06,0.37,INCOMPLETO ❌
2025-10-07 10:12:06,0.07,INCOMPLETO ❌
2025-10-07 10:12:06,0.07,INCOMPLETO ❌
2025-10-07 10:12:07,0.14,INCOMPLETO ❌
2025-10-07 10:12:09,2.07,OK ✅
2025-10-07 10:12:11,0.27,INCOMPLETO ❌
2025-10-07 10:12:12,0.06,INCOMPLETO ❌
2025-10-07 10:12:12,0.07,INCOMPLETO ❌
2025-10-07 10:12:12,0.07,INCOMPLETO ❌
2025-10-07 10:12:13,0.13,INCOMPLETO ❌
2025-10-07 10:12:13,0.06,INCOMPLETO ❌
2025-10-07 10:12:15,1.2,INCOMPLETO ❌
2025-10-07 10:12:17,2.0,OK ✅
2025-10-07 13:43:49,0.07,INCOMPLETO ❌
2025-10-07 13:43:49,0.06,INCOMPLETO ❌
2025-10-07 13:43:54,2.03,OK ✅
2025-10-07 13:43:58,2.01,OK ✅
2025-10-07 13:44:01,1.48,INCOMPLETO ❌
2025-10-07 13:44:34,0.07,INCOMPLETO ❌
2025-10-07 13:44:36,2.03,OK ✅
2025-10-07 13:44:40,0.12,INCOMPLETO ❌
2025-10-07 13:44:45,1.13,INCOMPLETO ❌
2025-10-07 13:44:48,0.2,INCOMPLETO ❌
2025-10-07 13:44:49,0.14,INCOMPLETO ❌
2025-10-07 13:44:50,0.06,INCOMPLETO ❌
2025-10-07 13:44:51,0.11,INCOMPLETO ❌
2025-10-07 13:44:52,0.26,INCOMPLETO ❌
2025-10-07 13:44:54,1.85,INCOMPLETO ❌
2025-10-07 13:44:56,2.05,OK ✅
2025-10-07 13:45:00,1.44,INCOMPLETO ❌
2025-10-07 13:45:00,0.09,INCOMPLETO ❌
2025-10-07 13:45:02,2.01,OK ✅
2025-10-07 13:45:05,0.51,INCOMPLETO ❌
2025-10-07 13:45:08,2.01,OK ✅
2025-10-07 13:45:08,0.09,INCOMPLETO ❌
2025-10-07 13:45:08,0.09,INCOMPLETO ❌
2025-10-07 13:45:10,1.78,INCOMPLETO ❌
2025-10-07 13:45:11,0.6,INCOMPLETO ❌
2025-10-07 13:45:12,1.03,INCOMPLETO ❌
2025-10-07 13:45:14,2.06,OK ✅
2025-10-07 13:45:16,0.33,INCOMPLETO ❌
2025-10-07 13:45:24,0.07,INCOMPLETO ❌
2025-10-07 13:45:24,0.25,INCOMPLETO ❌
2025-10-07 13:45:25,0.07,INCOMPLETO ❌
2025-10-07 13:45:25,0.54,INCOMPLETO ❌
2025-10-07 13:45:28,2.02,OK ✅
2025-10-07 13:45:37,0.06,INCOMPLETO ❌
2025-10-07 13:45:37,0.06,INCOMPLETO ❌
2025-10-07 13:45:38,0.18,INCOMPLETO ❌
2025-10-07 13:45:38,0.06,INCOMPLETO ❌
2025-10-07 13:45:39,0.13,INCOMPLETO ❌
2025-10-07 13:45:39,0.13,INCOMPLETO ❌
2025-10-07 13:45:40,0.06,INCOMPLETO ❌
2025-10-07 13:45:42,0.19,INCOMPLETO ❌
2025-10-07 13:45:42,0.06,INCOMPLETO ❌
2025-10-07 13:45:43,0.06,INCOMPLETO ❌
2025-10-07 13:45:43,0.06,INCOMPLETO ❌
2025-10-07 13:45:44,0.29,INCOMPLETO ❌
2025-10-07 13:45:44,0.19,INCOMPLETO ❌
2025-10-07 13:45:44,0.06,INCOMPLETO ❌
2025-10-07 13:45:45,0.07,INCOMPLETO ❌
2025-10-07 13:45:46,0.26,INCOMPLETO ❌
2025-10-07 13:45:46,0.07,INCOMPLETO ❌
2025-10-07 13:45:46,0.2,INCOMPLETO ❌
2025-10-07 13:45:46,0.07,INCOMPLETO ❌
2025-10-07 13:45:47,0.2,INCOMPLETO ❌
2025-10-07 13:45:47,0.26,INCOMPLETO ❌
2025-10-07 13:45:47,0.07,INCOMPLETO ❌
2025-10-07 13:45:47,0.06,INCOMPLETO ❌
2025-10-07 13:45:48,0.41,INCOMPLETO ❌
2025-10-07 13:45:48,0.07,INCOMPLETO ❌
2025-10-07 13:45:48,0.07,INCOMPLETO ❌
2025-10-07 13:45:49,0.13,INCOMPLETO ❌
2025-10-07 13:45:49,0.07,INCOMPLETO ❌
2025-10-07 13:45:49,0.07,INCOMPLETO ❌
2025-10-07 13:45:50,0.21,INCOMPLETO ❌
2025-10-07 13:45:52,0.07,INCOMPLETO ❌
2025-10-07 13:45:52,0.49,INCOMPLETO ❌
2025-10-07 13:45:53,0.08,INCOMPLETO ❌
2025-10-07 13:45:53,0.08,INCOMPLETO ❌
2025-10-07 13:45:54,0.07,INCOMPLETO ❌
2025-10-07 13:45:54,0.09,INCOMPLETO ❌
2025-10-07 13:45:55,0.17,INCOMPLETO ❌
2025-10-07 13:45:55,0.09,INCOMPLETO ❌
2025-10-07 13:45:55,0.23,INCOMPLETO ❌
2025-10-07 13:45:56,0.15,INCOMPLETO ❌
2025-10-07 13:45:56,0.34,INCOMPLETO ❌
2025-10-07 13:45:57,0.09,INCOMPLETO ❌
2025-10-07 13:45:57,0.08,INCOMPLETO ❌
2025-10-07 13:45:57,0.09,INCOMPLETO ❌
2025-10-07 13:45:57,0.09,INCOMPLETO ❌
2025-10-07 13:45:58,0.09,INCOMPLETO ❌
2025-10-07 13:45:59,0.27,INCOMPLETO ❌
2025-10-07 13:45:59,0.16,INCOMPLETO ❌
2025-10-07 13:45:59,0.1,INCOMPLETO ❌
2025-10-07 13:45:59,0.08,INCOMPLETO ❌
2025-10-07 13:46:00,0.08,INCOMPLETO ❌
2025-10-07 13:46:00,0.08,INCOMPLETO ❌
2025-10-07 13:46:00,0.09,INCOMPLETO ❌
2025-10-07 13:46:00,0.17,INCOMPLETO ❌
2025-10-07 13:46:01,0.48,INCOMPLETO ❌
2025-10-07 13:46:02,0.42,INCOMPLETO ❌
2025-10-07 13:46:02,0.35,INCOMPLETO ❌
2025-10-07 13:46:02,0.09,INCOMPLETO ❌
2025-10-07 13:46:03,0.09,INCOMPLETO ❌
2025-10-07 13:46:03,0.27,INCOMPLETO ❌
2025-10-07 13:46:04,0.61,INCOMPLETO ❌
2025-10-07 13:46:04,0.07,INCOMPLETO ❌
2025-10-07 13:46:05,0.17,INCOMPLETO ❌
2025-10-07 13:46:05,0.24,INCOMPLETO ❌
2025-10-07 13:46:06,0.32,INCOMPLETO ❌
2025-10-07 13:46:06,0.14,INCOMPLETO ❌
2025-10-07 13:46:06,0.07,INCOMPLETO ❌
2025-10-07 13:46:06,0.07,INCOMPLETO ❌
2025-10-07 13:46:07,0.07,INCOMPLETO ❌
2025-10-07 13:46:07,0.07,INCOMPLETO ❌
2025-10-07 13:46:07,0.07,INCOMPLETO ❌
2025-10-07 13:46:07,0.16,INCOMPLETO ❌
2025-10-07 13:46:08,0.32,INCOMPLETO ❌
2025-10-07 13:46:09,0.8,INCOMPLETO ❌
2025-10-07 13:46:09,0.23,INCOMPLETO ❌
2025-10-07 13:46:10,0.35,INCOMPLETO ❌
2025-10-07 13:46:10,0.15,INCOMPLETO ❌
2025-10-07 13:46:11,0.22,INCOMPLETO ❌
2025-10-07 13:46:12,0.15,INCOMPLETO ❌
2025-10-07 13:46:12,0.15,INCOMPLETO ❌
2025-10-07 13:46:13,0.08,INCOMPLETO ❌
2025-10-07 13:46:14,0.16,INCOMPLETO ❌
2025-10-07 13:46:15,0.09,INCOMPLETO ❌
2025-10-07 13:46:15,0.24,INCOMPLETO ❌
2025-10-07 13:46:15,0.08,INCOMPLETO ❌
2025-10-07 13:46:16,0.08,INCOMPLETO ❌
2025-10-07 13:46:16,0.08,INCOMPLETO ❌
2025-10-07 13:46:16,0.08,INCOMPLETO ❌
2025-10-07 13:46:18,0.08,INCOMPLETO ❌
2025-10-07 13:46:19,0.08,INCOMPLETO ❌
2025-10-07 13:46:23,2.01,OK ✅
2025-10-07 13:46:30,2.02,OK ✅
2025-10-07 13:46:32,0.08,INCOMPLETO ❌
2025-10-07 13:46:35,2.02,OK ✅
2025-10-07 13:46:39,2.06,OK ✅
2025-10-07 13:46:48,0.07,INCOMPLETO ❌
2025-10-07 13:46:49,0.43,INCOMPLETO ❌
2025-10-07 13:46:49,0.29,INCOMPLETO ❌
2025-10-07 13:46:49,0.08,INCOMPLETO ❌
2025-10-07 13:46:49,0.16,INCOMPLETO ❌
2025-10-07 13:46:51,0.07,INCOMPLETO ❌
2025-10-07 13:46:52,0.15,INCOMPLETO ❌
2025-10-07 13:46:53,0.15,INCOMPLETO ❌
2025-10-07 13:46:55,2.01,OK ✅
2025-10-07 13:47:01,1.0,INCOMPLETO ❌
2025-10-07 13:47:02,0.92,INCOMPLETO ❌
2025-10-07 13:47:03,1.01,INCOMPLETO ❌
2025-10-07 13:47:05,0.13,INCOMPLETO ❌
2025-10-07 13:47:05,0.08,INCOMPLETO ❌
2025-10-07 13:47:06,0.93,INCOMPLETO ❌
2025-10-07 13:47:07,0.46,INCOMPLETO ❌
2025-10-07 13:47:07,0.15,INCOMPLETO ❌
2025-10-07 13:47:07,0.29,INCOMPLETO ❌
2025-10-07 13:47:08,0.13,INCOMPLETO ❌
2025-10-07 13:47:08,0.08,INCOMPLETO ❌
2025-10-07 13:47:09,0.18,INCOMPLETO ❌
2025-10-07 13:47:10,1.06,INCOMPLETO ❌
2025-10-07 13:47:11,0.54,INCOMPLETO ❌
2025-10-07 13:47:11,0.08,INCOMPLETO ❌
2025-10-07 13:47:11,0.16,INCOMPLETO ❌
2025-10-07 13:47:11,0.08,INCOMPLETO ❌
2025-10-07 13:47:12,0.08,INCOMPLETO ❌
2025-10-07 13:47:14,0.07,INCOMPLETO ❌
2025-10-07 13:47:14,0.07,INCOMPLETO ❌
2025-10-07 13:47:14,0.14,INCOMPLETO ❌
2025-10-07 13:47:15,0.07,INCOMPLETO ❌
2025-10-07 13:47:15,0.39,INCOMPLETO ❌
2025-10-07 13:47:15,0.08,INCOMPLETO ❌
2025-10-07 13:47:16,0.08,INCOMPLETO ❌
2025-10-07 13:47:16,0.15,INCOMPLETO ❌
2025-10-07 13:47:19,2.04,OK ✅
2025-10-07 13:47:28,2.01,OK ✅
2025-10-07 13:47:33,2.06,OK ✅
2025-10-07 13:47:38,0.31,INCOMPLETO ❌
2025-10-07 13:47:40,2.01,OK ✅
2025-10-07 14:11:16,2.04,OK ✅
2025-10-07 14:33:04,ROI 2,2.04,OK ✅
2025-10-07 14:33:08,ROI 1,0.16,INCOMPLETO ❌
2025-10-07 14:33:09,ROI 2,1.5,INCOMPLETO ❌
2025-10-07 14:33:09,ROI 2,0.07,INCOMPLETO ❌
2025-10-07 14:33:09,ROI 1,0.08,INCOMPLETO ❌
2025-10-07 14:33:10,ROI 2,0.1,INCOMPLETO ❌
2025-10-07 14:33:10,ROI 1,0.07,INCOMPLETO ❌
2025-10-07 14:33:11,ROI 2,1.49,INCOMPLETO ❌
2025-10-07 14:33:12,ROI 2,0.86,INCOMPLETO ❌
2025-10-07 14:33:13,ROI 1,0.07,INCOMPLETO ❌
2025-10-07 14:33:13,ROI 1,0.09,INCOMPLETO ❌
2025-10-07 14:33:13,ROI 2,0.48,INCOMPLETO ❌
2025-10-07 14:33:13,ROI 1,0.09,INCOMPLETO ❌
2025-10-07 14:33:14,ROI 2,0.08,INCOMPLETO ❌
2025-10-07 14:33:14,ROI 1,0.66,INCOMPLETO ❌
2025-10-07 14:36:38,ROI 1,2.01,OK ✅
2025-10-07 14:37:43,ROI 1,2.0,OK ✅
2025-10-07 14:37:50,ROI 2,2.01,OK ✅
2025-10-07 14:37:50,ROI 1,2.05,OK ✅
2025-10-07 14:41:33,ROI 1,0.07,INCOMPLETO ❌
2025-10-07 14:41:34,ROI 1,0.09,INCOMPLETO ❌
2025-10-07 14:41:35,ROI 1,0.74,INCOMPLETO ❌
2025-10-07 14:41:39,ROI 2,0.07,INCOMPLETO ❌
2025-10-07 14:41:39,ROI 2,0.07,INCOMPLETO ❌
2025-10-07 14:41:39,ROI 2,0.31,INCOMPLETO ❌
2025-10-07 14:41:39,ROI 1,0.08,INCOMPLETO ❌
2025-10-07 14:41:40,ROI 2,0.5,INCOMPLETO ❌
2025-10-07 14:41:40,ROI 2,0.14,INCOMPLETO ❌
2025-10-07 14:41:40,ROI 2,0.09,INCOMPLETO ❌
2025-10-07 14:41:47,ROI 1,0.07,INCOMPLETO ❌
2025-10-07 14:41:48,ROI 1,0.06,INCOMPLETO ❌
2025-10-07 14:41:48,ROI 2,0.07,INCOMPLETO ❌
2025-10-07 14:41:49,ROI 1,0.06,INCOMPLETO ❌
2025-10-07 14:41:49,ROI 1,0.22,INCOMPLETO ❌
2025-10-07 14:41:51,ROI 2,0.06,INCOMPLETO ❌
2025-10-07 14:41:58,ROI 2,2.01,OK ✅
2025-10-07 14:42:02,ROI 2,0.45,INCOMPLETO ❌
2025-10-07 14:42:02,ROI 2,0.23,INCOMPLETO ❌
2025-10-07 14:42:05,ROI 2,2.0,OK ✅
2025-10-07 14:42:06,ROI 1,0.15,INCOMPLETO ❌
2025-10-07 14:42:08,ROI 1,0.07,INCOMPLETO ❌
2025-10-07 14:42:09,ROI 1,0.2,INCOMPLETO ❌
2025-10-07 14:42:09,ROI 1,0.37,INCOMPLETO ❌
2025-10-07 14:42:10,ROI 1,0.07,INCOMPLETO ❌
2025-10-07 14:42:10,ROI 1,0.07,INCOMPLETO ❌
2025-10-07 14:42:10,ROI 1,0.08,INCOMPLETO ❌
2025-10-07 14:42:12,ROI 1,0.14,INCOMPLETO ❌
2025-10-07 14:42:14,ROI 1,2.03,OK ✅
2025-10-07 14:42:14,ROI 2,0.07,INCOMPLETO ❌
2025-10-07 14:42:16,ROI 2,2.05,OK ✅
2025-10-07 14:42:18,ROI 2,0.47,INCOMPLETO ❌
2025-10-07 14:42:18,ROI 2,0.07,INCOMPLETO ❌
2025-10-07 14:42:19,ROI 2,0.3,INCOMPLETO ❌
2025-10-07 14:42:19,ROI 1,0.07,INCOMPLETO ❌
2025-10-07 14:42:19,ROI 2,0.28,INCOMPLETO ❌
2025-10-07 14:42:21,ROI 1,2.01,OK ✅
2025-10-07 14:42:23,ROI 2,0.07,INCOMPLETO ❌
2025-10-07 14:42:23,ROI 2,0.07,INCOMPLETO ❌
2025-10-07 14:42:27,ROI 2,0.07,INCOMPLETO ❌
2025-10-07 14:43:30,ROI 2,0.07,INCOMPLETO ❌
2025-10-07 14:43:39,ROI 2,2.02,OK ✅
2025-10-07 14:43:53,ROI 2,0.06,INCOMPLETO ❌
2025-10-07 14:43:58,ROI 2,2.03,OK ✅
2025-10-07 14:44:01,ROI 1,0.09,INCOMPLETO ❌
2025-10-07 14:44:01,ROI 1,0.08,INCOMPLETO ❌
2025-10-07 14:44:03,ROI 1,0.07,INCOMPLETO ❌
2025-10-07 14:44:04,ROI 2,0.06,INCOMPLETO ❌
2025-10-07 14:44:04,ROI 2,0.08,INCOMPLETO ❌
2025-10-07 14:44:04,ROI 2,0.06,INCOMPLETO ❌
2025-10-07 14:44:07,ROI 1,0.06,INCOMPLETO ❌
2025-10-07 14:44:08,ROI 1,0.06,INCOMPLETO ❌
2025-10-07 14:44:08,ROI 2,0.25,INCOMPLETO ❌
2025-10-07 14:44:08,ROI 1,0.15,INCOMPLETO ❌
2025-10-07 14:44:09,ROI 1,0.37,INCOMPLETO ❌
2025-10-07 14:44:11,ROI 2,2.07,OK ✅
2025-10-07 14:44:11,ROI 1,0.07,INCOMPLETO ❌
2025-10-07 14:44:11,ROI 1,0.28,INCOMPLETO ❌
2025-10-07 14:44:12,ROI 2,0.07,INCOMPLETO ❌
2025-10-07 14:44:13,ROI 1,0.07,INCOMPLETO ❌
2025-10-07 14:44:14,ROI 2,0.91,INCOMPLETO ❌
2025-10-07 14:44:14,ROI 2,0.07,INCOMPLETO ❌
2025-10-07 14:44:15,ROI 1,0.53,INCOMPLETO ❌
2025-10-07 14:44:15,ROI 1,0.07,INCOMPLETO ❌
2025-10-07 14:44:15,ROI 2,0.07,INCOMPLETO ❌
2025-10-07 14:44:15,ROI 2,0.13,INCOMPLETO ❌
2025-10-07 14:44:16,ROI 2,0.16,INCOMPLETO ❌
2025-10-07 14:44:16,ROI 2,0.14,INCOMPLETO ❌
2025-10-07 14:44:16,ROI 1,1.03,INCOMPLETO ❌
2025-10-07 14:44:17,ROI 1,0.6,INCOMPLETO ❌
2025-10-07 14:44:17,ROI 1,0.35,INCOMPLETO ❌
2025-10-07 14:44:18,ROI 2,0.05,INCOMPLETO ❌
2025-10-07 14:44:19,ROI 2,0.06,INCOMPLETO ❌
2025-10-07 14:44:19,ROI 2,0.06,INCOMPLETO ❌
2025-10-07 14:44:19,ROI 2,0.09,INCOMPLETO ❌
2025-10-07 14:44:20,ROI 1,2.06,OK ✅
2025-10-07 14:44:21,ROI 2,0.05,INCOMPLETO ❌
2025-10-07 14:44:21,ROI 2,0.07,INCOMPLETO ❌
2025-10-07 14:44:23,ROI 2,0.06,INCOMPLETO ❌
2025-10-07 14:44:24,ROI 2,0.79,INCOMPLETO ❌
2025-10-07 14:44:24,ROI 2,0.27,INCOMPLETO ❌
2025-10-07 14:44:25,ROI 2,0.09,INCOMPLETO ❌
2025-10-07 14:44:44,ROI 2,0.07,INCOMPLETO ❌
2025-10-07 14:44:46,ROI 2,0.08,INCOMPLETO ❌
2025-10-07 14:44:46,ROI 2,0.32,INCOMPLETO ❌
2025-10-07 14:44:47,ROI 2,0.4,INCOMPLETO ❌
2025-10-07 14:44:48,ROI 2,0.94,INCOMPLETO ❌
2025-10-07 14:44:48,ROI 2,0.35,INCOMPLETO ❌
2025-10-07 14:44:49,ROI 2,0.14,INCOMPLETO ❌
2025-10-07 14:44:49,ROI 2,0.34,INCOMPLETO ❌
2025-10-07 14:44:49,ROI 2,0.16,INCOMPLETO ❌
2025-10-07 14:44:50,ROI 2,0.33,INCOMPLETO ❌
2025-10-07 14:44:51,ROI 2,0.24,INCOMPLETO ❌
2025-10-07 14:44:51,ROI 2,0.08,INCOMPLETO ❌
2025-10-07 14:44:52,ROI 2,0.24,INCOMPLETO ❌
2025-10-07 14:44:54,ROI 2,0.07,INCOMPLETO ❌
2025-10-07 14:44:57,ROI 2,2.02,OK ✅
2025-10-07 14:45:00,ROI 2,0.08,INCOMPLETO ❌
2025-10-07 14:45:11,ROI 1,0.08,INCOMPLETO ❌
2025-10-07 14:45:14,ROI 1,0.14,INCOMPLETO ❌
2025-10-07 14:45:15,ROI 2,0.07,INCOMPLETO ❌
2025-10-07 14:45:15,ROI 2,0.08,INCOMPLETO ❌
2025-10-07 14:45:15,ROI 1,0.23,INCOMPLETO ❌
2025-10-07 14:45:15,ROI 2,0.07,INCOMPLETO ❌
2025-10-07 14:45:16,ROI 2,0.56,INCOMPLETO ❌
2025-10-07 14:45:17,ROI 2,1.13,INCOMPLETO ❌
2025-10-07 14:45:18,ROI 2,0.81,INCOMPLETO ❌
2025-10-07 14:45:19,ROI 2,0.94,INCOMPLETO ❌
2025-10-07 14:45:19,ROI 2,0.13,INCOMPLETO ❌
2025-10-07 14:45:22,ROI 2,2.05,OK ✅
2025-10-07 14:46:11,ROI 2,2.03,OK ✅
2025-10-07 14:46:23,ROI 2,0.46,INCOMPLETO ❌
2025-10-07 14:46:23,ROI 1,0.22,INCOMPLETO ❌
2025-10-07 14:46:24,ROI 1,0.07,INCOMPLETO ❌
2025-10-07 14:46:24,ROI 1,0.07,INCOMPLETO ❌
2025-10-07 14:46:25,ROI 1,0.07,INCOMPLETO ❌
2025-10-07 14:46:25,ROI 2,0.66,INCOMPLETO ❌
2025-10-07 14:46:26,ROI 1,0.31,INCOMPLETO ❌
2025-10-07 14:46:29,ROI 1,2.06,OK ✅
2025-10-08 14:01:34,ROI 1,0.15,INCOMPLETO ❌
2025-10-08 14:01:34,ROI 1,0.14,INCOMPLETO ❌
2025-10-08 14:01:37,ROI 1,0.28,INCOMPLETO ❌
2025-10-08 14:01:37,ROI 1,0.06,INCOMPLETO ❌
2025-10-08 14:01:37,ROI 2,2.05,OK ✅
2025-10-08 14:01:37,ROI 1,0.2,INCOMPLETO ❌
2025-10-08 14:01:37,ROI 1,0.06,INCOMPLETO ❌
2025-10-08 14:01:37,ROI 1,0.07,INCOMPLETO ❌
2025-10-08 14:01:43,ROI 1,0.08,INCOMPLETO ❌
2025-10-08 14:01:43,ROI 2,2.07,OK ✅
2025-10-08 14:01:44,ROI 1,0.07,INCOMPLETO ❌
2025-10-08 14:01:45,ROI 1,0.15,INCOMPLETO ❌
2025-10-08 14:01:46,ROI 2,0.55,INCOMPLETO ❌
2025-10-08 14:01:54,ROI 2,0.07,INCOMPLETO ❌
2025-10-08 14:01:54,ROI 2,0.14,INCOMPLETO ❌
2025-10-08 14:01:55,ROI 2,1.35,INCOMPLETO ❌
2025-10-08 14:02:06,ROI 2,2.02,OK ✅
2025-10-08 14:02:15,ROI 1,0.07,INCOMPLETO ❌
2025-10-08 14:02:15,ROI 1,0.07,INCOMPLETO ❌
2025-10-08 14:02:17,ROI 1,0.41,INCOMPLETO ❌
2025-10-08 14:02:20,ROI 2,0.14,INCOMPLETO ❌
2025-10-08 14:02:22,ROI 1,0.07,INCOMPLETO ❌
2025-10-08 14:02:23,ROI 1,0.87,INCOMPLETO ❌
2025-10-08 14:02:23,ROI 1,0.06,INCOMPLETO ❌
2025-10-08 14:02:24,ROI 1,0.19,INCOMPLETO ❌
2025-10-08 14:02:24,ROI 1,0.19,INCOMPLETO ❌
2025-10-08 14:02:25,ROI 1,0.12,INCOMPLETO ❌
2025-10-08 14:02:25,ROI 1,0.14,INCOMPLETO ❌
2025-10-08 14:02:25,ROI 1,0.07,INCOMPLETO ❌
2025-10-08 14:02:27,ROI 1,0.07,INCOMPLETO ❌
2025-10-08 14:02:27,ROI 1,0.07,INCOMPLETO ❌
2025-10-08 14:02:29,ROI 1,2.04,OK ✅
2025-10-08 14:02:35,ROI 1,0.54,INCOMPLETO ❌
2025-10-08 14:02:41,ROI 1,0.07,INCOMPLETO ❌
2025-10-08 14:02:42,ROI 1,0.08,INCOMPLETO ❌
2025-10-08 14:02:44,ROI 1,2.05,OK ✅
2025-10-08 14:02:45,ROI 2,0.06,INCOMPLETO ❌
2025-10-08 14:02:46,ROI 1,0.08,INCOMPLETO ❌
2025-10-08 14:02:46,ROI 2,0.07,INCOMPLETO ❌
2025-10-08 14:02:46,ROI 2,0.06,INCOMPLETO ❌
2025-10-08 14:02:49,ROI 2,0.21,INCOMPLETO ❌
2025-10-08 14:02:50,ROI 1,0.28,INCOMPLETO ❌
2025-10-08 14:02:50,ROI 2,0.4,INCOMPLETO ❌
2025-10-08 14:02:53,ROI 2,0.4,INCOMPLETO ❌
2025-10-08 14:02:53,ROI 2,0.07,INCOMPLETO ❌
2025-10-08 14:02:53,ROI 2,0.2,INCOMPLETO ❌
2025-10-08 14:02:56,ROI 1,0.07,INCOMPLETO ❌
2025-10-08 14:02:56,ROI 1,0.09,INCOMPLETO ❌
2025-10-08 14:02:57,ROI 2,1.0,INCOMPLETO ❌
2025-10-08 14:02:57,ROI 2,0.17,INCOMPLETO ❌
2025-10-08 14:02:58,ROI 1,2.02,OK ✅
2025-10-08 14:02:59,ROI 2,1.67,INCOMPLETO ❌
2025-10-08 14:03:01,ROI 2,1.92,INCOMPLETO ❌
2025-10-08 14:03:01,ROI 2,0.29,INCOMPLETO ❌
2025-10-08 14:03:01,ROI 2,0.07,INCOMPLETO ❌
2025-10-08 14:03:02,ROI 2,0.07,INCOMPLETO ❌
2025-10-08 14:03:02,ROI 2,0.22,INCOMPLETO ❌
2025-10-08 14:03:02,ROI 2,0.06,INCOMPLETO ❌
2025-10-08 14:03:03,ROI 1,0.13,INCOMPLETO ❌
2025-10-08 14:03:03,ROI 1,0.06,INCOMPLETO ❌
2025-10-08 14:03:03,ROI 2,0.38,INCOMPLETO ❌
2025-10-08 14:03:03,ROI 2,0.06,INCOMPLETO ❌
2025-10-08 14:03:03,ROI 2,0.19,INCOMPLETO ❌
2025-10-08 14:03:03,ROI 1,0.13,INCOMPLETO ❌
2025-10-08 14:03:03,ROI 1,0.07,INCOMPLETO ❌
2025-10-08 14:03:03,ROI 2,0.21,INCOMPLETO ❌
2025-10-08 14:03:04,ROI 2,0.06,INCOMPLETO ❌
2025-10-08 14:03:05,ROI 2,0.14,INCOMPLETO ❌
2025-10-08 14:03:05,ROI 2,0.22,INCOMPLETO ❌
2025-10-08 14:03:06,ROI 2,0.36,INCOMPLETO ❌
2025-10-08 14:03:06,ROI 2,0.59,INCOMPLETO ❌
2025-10-08 14:03:07,ROI 2,0.07,INCOMPLETO ❌
2025-10-08 14:03:07,ROI 2,0.07,INCOMPLETO ❌
2025-10-08 14:03:07,ROI 2,0.13,INCOMPLETO ❌
2025-10-08 14:03:07,ROI 2,0.09,INCOMPLETO ❌
2025-10-08 14:03:08,ROI 2,0.07,INCOMPLETO ❌
2025-10-08 14:03:10,ROI 1,0.07,INCOMPLETO ❌
2025-10-08 14:03:10,ROI 1,0.13,INCOMPLETO ❌
2025-10-08 14:03:12,ROI 1,0.08,INCOMPLETO ❌
2025-10-08 14:03:12,ROI 2,0.08,INCOMPLETO ❌
2025-10-08 14:03:12,ROI 2,0.14,INCOMPLETO ❌
2025-10-08 14:03:12,ROI 1,0.12,INCOMPLETO ❌
2025-10-08 14:03:12,ROI 2,0.19,INCOMPLETO ❌
2025-10-08 14:03:12,ROI 1,0.13,INCOMPLETO ❌
2025-10-08 14:03:12,ROI 1,0.14,INCOMPLETO ❌
2025-10-08 14:03:12,ROI 2,0.14,INCOMPLETO ❌
2025-10-08 14:03:12,ROI 1,0.08,INCOMPLETO ❌
2025-10-08 14:03:13,ROI 1,0.07,INCOMPLETO ❌
2025-10-08 14:03:13,ROI 1,0.07,INCOMPLETO ❌
2025-10-08 14:03:13,ROI 1,0.14,INCOMPLETO ❌
2025-10-08 14:03:13,ROI 2,0.07,INCOMPLETO ❌
2025-10-08 14:03:13,ROI 1,0.16,INCOMPLETO ❌
2025-10-08 14:03:14,ROI 2,0.07,INCOMPLETO ❌
2025-10-08 14:03:14,ROI 1,0.08,INCOMPLETO ❌
2025-10-08 14:03:14,ROI 2,0.08,INCOMPLETO ❌
2025-10-08 14:03:14,ROI 2,0.07,INCOMPLETO ❌
2025-10-08 14:03:16,ROI 2,0.07,INCOMPLETO ❌
2025-10-08 14:03:17,ROI 2,0.2,INCOMPLETO ❌
2025-10-08 14:03:21,ROI 2,0.29,INCOMPLETO ❌
2025-10-08 14:03:24,ROI 1,0.08,INCOMPLETO ❌
2025-10-08 14:03:25,ROI 2,0.09,INCOMPLETO ❌
2025-10-08 14:03:26,ROI 1,0.13,INCOMPLETO ❌
2025-10-08 14:03:26,ROI 1,0.08,INCOMPLETO ❌
2025-10-08 14:03:26,ROI 2,0.29,INCOMPLETO ❌
2025-10-08 14:03:26,ROI 1,0.22,INCOMPLETO ❌
2025-10-08 14:03:27,ROI 2,0.2,INCOMPLETO ❌
2025-10-08 14:03:27,ROI 2,0.07,INCOMPLETO ❌
2025-10-08 14:03:27,ROI 2,0.14,INCOMPLETO ❌
2025-10-08 14:03:27,ROI 1,0.14,INCOMPLETO ❌
2025-10-08 14:03:27,ROI 2,0.07,INCOMPLETO ❌
2025-10-08 14:03:29,ROI 1,0.09,INCOMPLETO ❌
2025-10-08 14:03:29,ROI 2,0.09,INCOMPLETO ❌
2025-10-08 14:03:29,ROI 2,0.16,INCOMPLETO ❌
2025-10-08 14:03:29,ROI 2,0.18,INCOMPLETO ❌
2025-10-08 14:03:30,ROI 2,0.08,INCOMPLETO ❌
2025-10-08 14:03:30,ROI 2,0.26,INCOMPLETO ❌
2025-10-08 14:03:30,ROI 2,0.09,INCOMPLETO ❌
2025-10-08 14:03:31,ROI 2,0.19,INCOMPLETO ❌
2025-10-08 14:03:32,ROI 2,0.28,INCOMPLETO ❌
2025-10-08 14:03:32,ROI 1,2.05,OK ✅
2025-10-08 14:03:34,ROI 2,0.19,INCOMPLETO ❌
2025-10-08 14:03:34,ROI 2,0.09,INCOMPLETO ❌
2025-10-08 14:03:35,ROI 2,0.09,INCOMPLETO ❌
2025-10-08 14:03:35,ROI 2,0.08,INCOMPLETO ❌
2025-10-08 14:03:36,ROI 2,0.09,INCOMPLETO ❌
2025-10-08 14:03:37,ROI 2,0.1,INCOMPLETO ❌
2025-10-08 14:03:37,ROI 1,1.4,INCOMPLETO ❌
2025-10-08 14:03:37,ROI 2,0.09,INCOMPLETO ❌
2025-10-08 14:03:37,ROI 2,0.18,INCOMPLETO ❌
2025-10-08 14:03:37,ROI 1,0.55,INCOMPLETO ❌
2025-10-08 14:03:37,ROI 2,0.09,INCOMPLETO ❌
2025-10-08 14:03:38,ROI 1,0.17,INCOMPLETO ❌
2025-10-08 14:03:38,ROI 2,0.08,INCOMPLETO ❌
2025-10-08 14:03:39,ROI 2,0.71,INCOMPLETO ❌
2025-10-08 14:03:42,ROI 2,0.27,INCOMPLETO ❌
2025-10-08 14:03:43,ROI 2,0.18,INCOMPLETO ❌
2025-10-08 14:03:43,ROI 2,0.18,INCOMPLETO ❌
2025-10-08 14:03:44,ROI 2,0.25,INCOMPLETO ❌
2025-10-08 14:03:44,ROI 2,0.1,INCOMPLETO ❌
2025-10-08 14:03:44,ROI 2,0.1,INCOMPLETO ❌
2025-10-08 14:03:44,ROI 2,0.18,INCOMPLETO ❌
2025-10-08 14:03:45,ROI 2,0.1,INCOMPLETO ❌
2025-10-08 14:03:45,ROI 2,0.09,INCOMPLETO ❌
2025-10-08 14:03:50,ROI 2,0.31,INCOMPLETO ❌
2025-10-08 14:03:53,ROI 2,2.02,OK ✅
2025-10-10 07:32:20,ROI 2,0.07,INCOMPLETO ❌
2025-10-10 07:32:21,ROI 2,0.5,INCOMPLETO ❌
2025-10-10 07:32:22,ROI 2,0.07,INCOMPLETO ❌
2025-10-10 07:32:24,ROI 2,2.05,OK ✅
2025-10-10 07:42:34,ROI 2,0.22,INCOMPLETO ❌
2025-10-10 07:42:37,ROI 2,2.02,OK ✅
2025-10-10 07:46:54,ROI 2,0.57,INCOMPLETO ❌
2025-10-10 07:46:57,ROI 2,0.09,INCOMPLETO ❌
2025-10-10 07:47:32,ROI 2,0.18,INCOMPLETO ❌
2025-10-10 07:47:35,ROI 2,2.04,OK ✅
2025-10-11 19:48:19,ROI 2,2.04,OK ✅
2025-10-11 19:48:22,ROI 2,0.13,INCOMPLETO ❌
2025-10-11 19:48:24,ROI 1,0.15,INCOMPLETO ❌
2025-10-11 19:48:25,ROI 1,0.07,INCOMPLETO ❌
2025-10-11 19:48:25,ROI 2,0.07,INCOMPLETO ❌
2025-10-11 19:48:25,ROI 2,0.21,INCOMPLETO ❌
2025-10-11 19:48:27,ROI 2,2.04,OK ✅
2025-10-11 19:48:32,ROI 2,0.07,INCOMPLETO ❌
2025-10-11 19:48:33,ROI 2,0.15,INCOMPLETO ❌
2025-10-11 19:48:38,ROI 2,2.05,OK ✅
2025-10-11 19:48:40,ROI 2,0.31,INCOMPLETO ❌
2025-10-11 19:48:41,ROI 2,0.06,INCOMPLETO ❌
2025-10-11 19:48:41,ROI 2,0.06,INCOMPLETO ❌
2025-10-11 19:48:43,ROI 2,2.02,OK ✅
2025-10-11 19:48:46,ROI 2,0.84,INCOMPLETO ❌
2025-10-11 19:48:48,ROI 2,1.92,INCOMPLETO ❌
2025-10-11 19:48:49,ROI 2,0.76,INCOMPLETO ❌
2025-10-11 19:48:49,ROI 2,0.07,INCOMPLETO ❌
2025-10-11 19:48:51,ROI 2,2.04,OK ✅
2025-10-11 19:49:04,ROI 2,0.08,INCOMPLETO ❌
2025-10-11 19:49:06,ROI 2,0.09,INCOMPLETO ❌
2025-10-11 19:49:07,ROI 2,0.09,INCOMPLETO ❌
2025-10-11 19:49:07,ROI 2,0.09,INCOMPLETO ❌
2025-10-11 19:49:08,ROI 2,0.54,INCOMPLETO ❌
2025-10-11 19:49:10,ROI 2,2.09,OK ✅
2025-10-11 19:49:11,ROI 2,0.09,INCOMPLETO ❌
2025-10-11 19:49:12,ROI 2,0.84,INCOMPLETO ❌
2025-10-11 19:49:12,ROI 2,0.09,INCOMPLETO ❌
2025-10-11 19:49:13,ROI 2,0.73,INCOMPLETO ❌
2025-10-11 19:49:14,ROI 2,0.09,INCOMPLETO ❌
2025-10-11 19:49:14,ROI 2,0.56,INCOMPLETO ❌
2025-10-11 19:49:16,ROI 2,2.07,OK ✅
2025-10-11 19:49:18,ROI 1,0.67,INCOMPLETO ❌
2025-10-11 19:49:20,ROI 1,2.03,OK ✅
2025-10-11 19:49:23,ROI 2,2.02,OK ✅
2025-10-11 19:49:28,ROI 1,2.03,OK ✅
2025-10-11 19:49:29,ROI 1,0.1,INCOMPLETO ❌
2025-10-11 19:49:29,ROI 2,0.1,INCOMPLETO ❌
2025-10-11 19:49:30,ROI 1,0.1,INCOMPLETO ❌
2025-10-11 19:49:30,ROI 1,0.18,INCOMPLETO ❌
2025-10-11 19:49:30,ROI 1,0.09,INCOMPLETO ❌
2025-10-11 19:49:33,ROI 2,1.71,INCOMPLETO ❌
2025-10-11 19:49:35,ROI 2,0.08,INCOMPLETO ❌
2025-10-11 19:49:49,ROI 2,0.18,INCOMPLETO ❌
2025-10-11 19:49:49,ROI 2,0.08,INCOMPLETO ❌
2025-10-11 19:49:52,ROI 2,2.08,OK ✅
2025-10-11 19:49:52,ROI 2,0.09,INCOMPLETO ❌
2025-10-11 19:49:55,ROI 2,0.29,INCOMPLETO ❌
2025-10-11 19:49:56,ROI 2,0.27,INCOMPLETO ❌
2025-10-11 19:49:56,ROI 2,0.09,INCOMPLETO ❌
2025-10-11 19:49:57,ROI 1,0.18,INCOMPLETO ❌
2025-10-11 19:49:57,ROI 2,0.09,INCOMPLETO ❌
2025-10-11 19:49:57,ROI 1,0.09,INCOMPLETO ❌
2025-10-11 19:49:57,ROI 1,0.09,INCOMPLETO ❌
2025-10-11 19:49:58,ROI 1,0.27,INCOMPLETO ❌
2025-10-11 19:49:58,ROI 1,0.09,INCOMPLETO ❌
2025-10-11 19:49:58,ROI 1,0.09,INCOMPLETO ❌
2025-10-11 19:49:58,ROI 1,0.09,INCOMPLETO ❌
2025-10-11 19:49:59,ROI 1,0.09,INCOMPLETO ❌
2025-10-11 19:49:59,ROI 1,0.09,INCOMPLETO ❌
2025-10-11 19:49:59,ROI 1,0.09,INCOMPLETO ❌
2025-10-11 19:56:04,ROI 2,0.96,INCOMPLETO ❌
2025-10-11 19:56:30,ROI 1,0.39,INCOMPLETO ❌
2025-10-11 19:56:31,ROI 1,0.13,INCOMPLETO ❌
2025-10-11 19:56:32,ROI 1,0.7,INCOMPLETO ❌
2025-10-11 19:56:34,ROI 1,0.07,INCOMPLETO ❌
2025-10-11 19:56:34,ROI 1,0.06,INCOMPLETO ❌
2025-10-11 19:56:35,ROI 1,0.07,INCOMPLETO ❌
2025-10-11 19:56:35,ROI 1,0.07,INCOMPLETO ❌
2025-10-11 19:56:36,ROI 1,0.92,INCOMPLETO ❌
2025-10-11 19:56:36,ROI 1,0.06,INCOMPLETO ❌
2025-10-11 19:56:37,ROI 2,0.16,INCOMPLETO ❌
2025-10-11 19:56:38,ROI 1,0.07,INCOMPLETO ❌
2025-10-11 19:56:39,ROI 1,0.78,INCOMPLETO ❌
2025-10-11 19:56:39,ROI 1,0.07,INCOMPLETO ❌
2025-10-15 08:24:23,ROI 2,0.17,INCOMPLETO ❌
2025-10-15 08:24:23,ROI 2,0.14,INCOMPLETO ❌
2025-10-15 08:24:23,ROI 2,0.21,INCOMPLETO ❌
2025-10-15 08:24:24,ROI 2,0.5,INCOMPLETO ❌
2025-10-15 08:24:24,ROI 2,0.22,INCOMPLETO ❌
2025-10-15 08:24:25,ROI 2,0.08,INCOMPLETO ❌
2025-10-15 08:24:25,ROI 2,0.08,INCOMPLETO ❌
2025-10-15 08:24:25,ROI 2,0.13,INCOMPLETO ❌
2025-10-15 08:24:26,ROI 2,0.07,INCOMPLETO ❌
2025-10-15 08:24:26,ROI 2,0.07,INCOMPLETO ❌
2025-10-15 08:24:26,ROI 2,0.08,INCOMPLETO ❌
2025-10-15 08:24:27,ROI 2,0.82,INCOMPLETO ❌
2025-10-15 08:24:28,ROI 2,0.13,INCOMPLETO ❌
2025-10-15 08:24:36,ROI 2,0.07,INCOMPLETO ❌
2025-10-15 08:24:50,ROI 2,0.08,INCOMPLETO ❌
2025-10-15 08:24:54,ROI 2,0.07,INCOMPLETO ❌
2025-10-20 08:08:09,ROI 1,0.21,INCOMPLETO ❌
2025-10-20 08:08:09,ROI 1,0.07,INCOMPLETO ❌
2025-10-20 08:08:09,ROI 2,0.14,INCOMPLETO ❌
2025-10-20 08:08:10,ROI 1,0.14,INCOMPLETO ❌
2025-10-20 08:08:10,ROI 1,0.22,INCOMPLETO ❌
2025-10-20 08:08:10,ROI 1,0.19,INCOMPLETO ❌
2025-10-20 08:08:11,ROI 1,0.14,INCOMPLETO ❌
2025-10-20 08:08:11,ROI 1,0.37,INCOMPLETO ❌
2025-10-20 08:08:11,ROI 1,0.14,INCOMPLETO ❌
2025-10-20 08:08:12,ROI 1,0.13,INCOMPLETO ❌
2025-10-20 08:08:13,ROI 1,0.55,INCOMPLETO ❌
2025-10-20 08:08:13,ROI 1,0.14,INCOMPLETO ❌
2025-10-20 08:08:14,ROI 1,0.36,INCOMPLETO ❌
2025-10-20 08:08:14,ROI 1,0.14,INCOMPLETO ❌
2025-10-20 08:08:14,ROI 1,0.23,INCOMPLETO ❌
2025-10-20 08:08:16,ROI 1,0.13,INCOMPLETO ❌
2025-10-20 08:08:17,ROI 1,0.79,INCOMPLETO ❌
2025-10-20 08:08:18,ROI 1,0.74,INCOMPLETO ❌
2025-10-20 08:08:18,ROI 2,0.08,INCOMPLETO ❌
2025-10-20 08:08:18,ROI 1,0.22,INCOMPLETO ❌
2025-10-20 08:08:21,ROI 1,1.8,INCOMPLETO ❌
2025-10-20 08:08:25,ROI 1,0.07,INCOMPLETO ❌
2025-10-20 08:08:25,ROI 1,0.08,INCOMPLETO ❌
2025-10-20 08:08:25,ROI 2,0.38,INCOMPLETO ❌
2025-10-20 08:08:26,ROI 2,0.06,INCOMPLETO ❌
2025-10-20 08:08:26,ROI 1,0.07,INCOMPLETO ❌
2025-10-20 08:08:26,ROI 2,0.07,INCOMPLETO ❌
2025-10-20 08:08:28,ROI 1,0.07,INCOMPLETO ❌
2025-10-20 08:08:28,ROI 1,0.14,INCOMPLETO ❌
2025-10-20 08:08:30,ROI 2,0.07,INCOMPLETO ❌
2025-10-20 08:08:32,ROI 1,0.07,INCOMPLETO ❌
2025-10-20 08:08:40,ROI 1,0.07,INCOMPLETO ❌
2025-10-20 08:08:41,ROI 2,0.57,INCOMPLETO ❌
2025-10-20 08:08:42,ROI 2,1.28,INCOMPLETO ❌
2025-10-20 08:08:43,ROI 1,0.06,INCOMPLETO ❌
2025-10-20 08:08:44,ROI 2,2.0,OK ✅
2025-10-20 08:17:00,ROI 2,1.14,INCOMPLETO ❌
2025-10-20 08:17:00,ROI 2,0.19,INCOMPLETO ❌
2025-10-20 08:17:01,ROI 2,0.26,INCOMPLETO ❌
2025-10-20 08:17:02,ROI 2,0.89,INCOMPLETO ❌
2025-10-20 08:17:02,ROI 2,0.13,INCOMPLETO ❌
2025-10-20 08:17:04,ROI 2,2.01,OK ✅
2025-10-20 08:17:08,ROI 2,2.0,OK ✅
2025-10-20 08:17:09,ROI 2,0.11,INCOMPLETO ❌
2025-10-20 08:17:10,ROI 1,0.16,INCOMPLETO ❌
2025-10-20 08:17:23,ROI 2,0.82,INCOMPLETO ❌
2025-10-20 08:17:23,ROI 1,0.08,INCOMPLETO ❌
2025-10-20 08:17:24,ROI 2,0.07,INCOMPLETO ❌
2025-10-20 08:17:24,ROI 2,0.07,INCOMPLETO ❌
2025-10-20 08:17:24,ROI 1,0.07,INCOMPLETO ❌
2025-10-20 08:55:27,ROI 1,0.12,INCOMPLETO ❌
2025-10-20 08:55:28,ROI 2,1.0,INCOMPLETO ❌
2025-10-20 08:55:29,ROI 1,0.11,INCOMPLETO ❌
2025-10-20 08:55:30,ROI 1,0.21,INCOMPLETO ❌
2025-10-20 08:55:30,ROI 1,0.11,INCOMPLETO ❌
2025-10-20 08:55:30,ROI 2,2.11,OK ✅
2025-10-20 08:55:39,ROI 2,2.05,OK ✅
2025-10-20 08:55:40,ROI 1,0.11,INCOMPLETO ❌
2025-10-20 08:55:40,ROI 1,0.22,INCOMPLETO ❌
2025-10-20 08:55:43,ROI 2,2.03,OK ✅
2025-10-20 08:55:44,ROI 1,2.06,OK ✅
2025-10-20 08:55:45,ROI 1,0.1,INCOMPLETO ❌
2025-10-20 08:55:45,ROI 1,0.53,INCOMPLETO ❌
2025-10-20 08:55:47,ROI 1,0.1,INCOMPLETO ❌
2025-10-20 08:55:52,ROI 1,0.11,INCOMPLETO ❌
2025-10-20 08:56:08,ROI 2,0.21,INCOMPLETO ❌
2025-10-20 08:56:08,ROI 2,0.11,INCOMPLETO ❌
2025-10-20 08:56:09,ROI 2,0.54,INCOMPLETO ❌
2025-10-20 08:56:11,ROI 2,2.03,OK ✅
2025-10-20 09:06:03,ROI 2,0.92,INCOMPLETO ❌
2025-10-20 09:06:03,ROI 2,0.34,INCOMPLETO ❌
2025-10-20 09:06:06,ROI 2,1.88,INCOMPLETO ❌
2025-10-20 09:06:06,ROI 2,0.12,INCOMPLETO ❌
2025-10-20 09:06:07,ROI 2,0.23,INCOMPLETO ❌
2025-10-20 09:06:09,ROI 2,1.52,INCOMPLETO ❌
2025-10-20 09:06:10,ROI 2,0.9,INCOMPLETO ❌
2025-10-20 09:06:13,ROI 2,2.11,OK ✅
2025-10-20 09:06:15,ROI 2,0.49,INCOMPLETO ❌
2025-10-20 09:06:16,ROI 2,0.24,INCOMPLETO ❌
2025-10-20 09:06:16,ROI 1,0.25,INCOMPLETO ❌
2025-10-20 09:06:17,ROI 1,0.1,INCOMPLETO ❌
2025-10-20 09:06:19,ROI 1,0.12,INCOMPLETO ❌
2025-10-20 09:06:31,ROI 1,0.11,INCOMPLETO ❌
2025-10-20 09:06:33,ROI 1,0.12,INCOMPLETO ❌
2025-10-20 09:06:37,ROI 2,0.12,INCOMPLETO ❌
2025-10-20 09:06:37,ROI 1,0.12,INCOMPLETO ❌
2025-10-20 09:06:39,ROI 1,0.23,INCOMPLETO ❌
2025-10-20 09:06:39,ROI 2,0.69,INCOMPLETO ❌
2025-10-20 09:06:39,ROI 1,0.11,INCOMPLETO ❌
2025-10-20 09:06:40,ROI 1,0.11,INCOMPLETO ❌
2025-10-20 09:06:40,ROI 2,0.76,INCOMPLETO ❌
2025-10-20 09:06:41,ROI 1,0.23,INCOMPLETO ❌
2025-10-20 09:06:42,ROI 1,0.7,INCOMPLETO ❌
2025-10-20 09:06:43,ROI 1,0.6,INCOMPLETO ❌
2025-10-20 09:06:44,ROI 1,1.45,INCOMPLETO ❌
2025-10-20 09:06:45,ROI 1,0.11,INCOMPLETO ❌
2025-10-20 09:06:47,ROI 1,0.22,INCOMPLETO ❌
2025-10-20 09:06:47,ROI 1,0.12,INCOMPLETO ❌
2025-10-20 09:06:47,ROI 1,0.12,INCOMPLETO ❌
2025-10-20 09:06:47,ROI 2,0.11,INCOMPLETO ❌
2025-10-20 09:06:48,ROI 1,0.11,INCOMPLETO ❌
2025-10-20 09:06:48,ROI 1,0.34,INCOMPLETO ❌
2025-10-20 09:06:48,ROI 1,0.11,INCOMPLETO ❌
2025-10-20 09:06:49,ROI 1,0.55,INCOMPLETO ❌
2025-10-20 09:06:50,ROI 1,0.11,INCOMPLETO ❌
2025-10-20 09:06:53,ROI 1,2.08,OK ✅
2025-10-20 09:06:54,ROI 1,0.11,INCOMPLETO ❌
2025-10-20 09:06:54,ROI 1,0.22,INCOMPLETO ❌
2025-10-20 09:06:55,ROI 1,0.23,INCOMPLETO ❌
2025-10-20 09:06:56,ROI 1,0.11,INCOMPLETO ❌
2025-10-20 09:06:56,ROI 2,0.13,INCOMPLETO ❌
2025-10-20 09:06:57,ROI 1,1.02,INCOMPLETO ❌
2025-10-20 09:06:57,ROI 1,0.11,INCOMPLETO ❌
2025-10-20 09:06:58,ROI 2,0.12,INCOMPLETO ❌
2025-10-20 09:06:59,ROI 2,0.23,INCOMPLETO ❌
2025-10-20 09:06:59,ROI 2,0.23,INCOMPLETO ❌
2025-10-20 09:07:00,ROI 2,0.23,INCOMPLETO ❌
2025-10-20 09:07:00,ROI 2,0.44,INCOMPLETO ❌
2025-10-20 09:07:03,ROI 1,1.38,INCOMPLETO ❌
2025-10-20 09:07:07,ROI 2,0.24,INCOMPLETO ❌
2025-10-20 09:07:07,ROI 2,0.11,INCOMPLETO ❌
2025-10-20 09:07:07,ROI 1,0.11,INCOMPLETO ❌
2025-10-20 09:07:07,ROI 1,0.1,INCOMPLETO ❌
2025-10-20 09:07:08,ROI 1,0.23,INCOMPLETO ❌
2025-10-20 09:07:08,ROI 1,0.22,INCOMPLETO ❌
2025-10-20 09:07:09,ROI 1,0.12,INCOMPLETO ❌
2025-10-20 09:07:10,ROI 1,0.33,INCOMPLETO ❌
2025-10-20 09:07:10,ROI 1,0.45,INCOMPLETO ❌
2025-10-20 09:07:11,ROI 1,0.11,INCOMPLETO ❌
2025-10-20 09:07:11,ROI 1,0.12,INCOMPLETO ❌
2025-10-20 09:07:11,ROI 1,0.12,INCOMPLETO ❌
2025-10-20 09:07:12,ROI 1,0.11,INCOMPLETO ❌
2025-10-20 09:07:13,ROI 1,0.23,INCOMPLETO ❌
2025-10-20 09:07:13,ROI 1,0.12,INCOMPLETO ❌
2025-10-20 09:07:13,ROI 2,0.12,INCOMPLETO ❌
2025-10-20 09:07:13,ROI 1,0.12,INCOMPLETO ❌
2025-10-20 09:07:14,ROI 1,0.11,INCOMPLETO ❌
2025-10-20 09:07:16,ROI 1,1.4,INCOMPLETO ❌
2025-10-20 09:07:16,ROI 1,0.11,INCOMPLETO ❌
2025-10-20 09:07:16,ROI 1,0.11,INCOMPLETO ❌
2025-10-20 09:07:18,ROI 1,0.68,INCOMPLETO ❌
2025-10-20 09:07:19,ROI 1,0.33,INCOMPLETO ❌
2025-10-20 09:07:20,ROI 1,0.33,INCOMPLETO ❌
2025-10-20 09:07:20,ROI 1,0.12,INCOMPLETO ❌
2025-10-20 09:07:21,ROI 1,0.11,INCOMPLETO ❌
2025-10-20 09:07:21,ROI 1,0.11,INCOMPLETO ❌
2025-10-20 09:07:21,ROI 1,0.12,INCOMPLETO ❌
2025-10-20 09:07:24,ROI 1,2.07,OK ✅
2025-10-20 09:07:24,ROI 1,0.11,INCOMPLETO ❌
2025-10-20 09:07:25,ROI 1,0.5,INCOMPLETO ❌
2025-10-20 09:07:29,ROI 1,2.1,OK ✅
2025-10-20 09:07:32,ROI 1,2.04,OK ✅
2025-10-20 09:07:37,ROI 1,0.45,INCOMPLETO ❌
2025-10-20 09:07:38,ROI 1,0.13,INCOMPLETO ❌
2025-10-20 09:07:38,ROI 1,0.23,INCOMPLETO ❌
2025-10-20 09:07:38,ROI 1,0.11,INCOMPLETO ❌
2025-10-20 09:07:39,ROI 1,0.34,INCOMPLETO ❌
2025-10-20 09:07:39,ROI 2,0.12,INCOMPLETO ❌
2025-10-20 09:07:40,ROI 1,0.11,INCOMPLETO ❌
2025-10-20 09:07:40,ROI 1,0.11,INCOMPLETO ❌
2025-10-20 09:07:41,ROI 1,0.11,INCOMPLETO ❌
2025-10-20 09:07:41,ROI 1,0.12,INCOMPLETO ❌
2025-10-20 09:07:42,ROI 1,0.58,INCOMPLETO ❌
2025-10-20 09:07:42,ROI 1,0.78,INCOMPLETO ❌
2025-10-20 09:07:43,ROI 1,0.11,INCOMPLETO ❌
2025-10-20 09:07:43,ROI 2,0.23,INCOMPLETO ❌
2025-10-20 09:07:43,ROI 2,0.12,INCOMPLETO ❌
2025-10-20 09:07:46,ROI 2,2.08,OK ✅
2025-10-20 09:08:18,ROI 2,2.05,OK ✅
2025-10-20 09:09:04,ROI 2,0.47,INCOMPLETO ❌
2025-10-20 09:09:06,ROI 2,1.26,INCOMPLETO ❌
2025-10-20 09:09:07,ROI 2,0.58,INCOMPLETO ❌
2025-10-20 09:09:07,ROI 2,0.12,INCOMPLETO ❌
2025-10-20 09:09:22,ROI 2,0.7,INCOMPLETO ❌
2025-10-20 09:09:22,ROI 1,0.13,INCOMPLETO ❌
2025-10-20 09:09:24,ROI 1,0.12,INCOMPLETO ❌
2025-10-20 09:09:26,ROI 2,2.0,OK ✅
2025-10-20 09:09:36,ROI 2,0.12,INCOMPLETO ❌
2025-10-20 09:09:38,ROI 1,0.47,INCOMPLETO ❌
2025-10-20 09:09:39,ROI 1,0.23,INCOMPLETO ❌
2025-10-20 09:09:39,ROI 2,0.11,INCOMPLETO ❌
2025-10-20 09:09:41,ROI 1,0.61,INCOMPLETO ❌
2025-10-20 09:09:42,ROI 1,0.25,INCOMPLETO ❌
2025-10-20 09:09:42,ROI 2,0.12,INCOMPLETO ❌
2025-10-20 09:09:43,ROI 2,0.13,INCOMPLETO ❌
2025-10-20 09:09:43,ROI 1,1.08,INCOMPLETO ❌
2025-10-20 09:09:43,ROI 2,0.12,INCOMPLETO ❌
2025-10-20 09:09:43,ROI 1,0.12,INCOMPLETO ❌
2025-10-20 09:09:44,ROI 1,0.59,INCOMPLETO ❌
2025-10-20 09:09:44,ROI 2,0.12,INCOMPLETO ❌
2025-10-20 09:09:45,ROI 1,0.35,INCOMPLETO ❌
2025-10-20 09:09:46,ROI 1,0.35,INCOMPLETO ❌
2025-10-20 09:09:47,ROI 1,0.25,INCOMPLETO ❌
2025-10-20 09:09:47,ROI 2,0.12,INCOMPLETO ❌
2025-10-20 09:09:47,ROI 1,0.12,INCOMPLETO ❌
2025-10-20 09:09:48,ROI 1,0.12,INCOMPLETO ❌
2025-10-20 09:09:48,ROI 1,0.52,INCOMPLETO ❌
2025-10-20 09:09:49,ROI 2,0.25,INCOMPLETO ❌
2025-10-20 09:09:49,ROI 1,0.24,INCOMPLETO ❌
2025-10-20 09:09:52,ROI 1,0.97,INCOMPLETO ❌
2025-10-20 09:09:54,ROI 1,2.01,OK ✅
2025-10-20 09:10:17,ROI 1,0.13,INCOMPLETO ❌
2025-10-20 09:10:20,ROI 1,0.47,INCOMPLETO ❌
2025-10-20 09:10:20,ROI 1,0.12,INCOMPLETO ❌
2025-10-20 09:10:20,ROI 1,0.12,INCOMPLETO ❌
2025-10-20 09:10:21,ROI 1,0.12,INCOMPLETO ❌
2025-10-20 09:10:24,ROI 1,0.12,INCOMPLETO ❌
2025-10-20 09:10:25,ROI 1,0.12,INCOMPLETO ❌
2025-10-20 09:10:25,ROI 2,0.11,INCOMPLETO ❌
2025-10-20 09:10:25,ROI 2,0.13,INCOMPLETO ❌
2025-10-20 09:10:26,ROI 1,0.12,INCOMPLETO ❌
2025-10-20 09:10:26,ROI 2,0.13,INCOMPLETO ❌
2025-10-20 09:10:27,ROI 1,0.24,INCOMPLETO ❌
2025-10-20 09:10:30,ROI 1,2.02,OK ✅
2025-10-20 09:10:31,ROI 1,0.23,INCOMPLETO ❌
2025-10-20 09:10:31,ROI 2,0.12,INCOMPLETO ❌
2025-10-20 09:10:32,ROI 1,0.24,INCOMPLETO ❌
2025-10-20 09:10:32,ROI 1,0.23,INCOMPLETO ❌
2025-10-20 09:10:32,ROI 2,0.24,INCOMPLETO ❌
2025-10-20 09:10:32,ROI 1,0.13,INCOMPLETO ❌
2025-10-20 09:10:33,ROI 2,0.16,INCOMPLETO ❌
2025-10-20 09:10:33,ROI 1,0.37,INCOMPLETO ❌
2025-10-20 09:10:33,ROI 1,0.12,INCOMPLETO ❌
2025-10-20 09:10:33,ROI 1,0.24,INCOMPLETO ❌
2025-10-20 09:10:34,ROI 1,0.73,INCOMPLETO ❌
2025-10-20 09:10:35,ROI 1,0.24,INCOMPLETO ❌
2025-10-20 09:10:35,ROI 1,0.24,INCOMPLETO ❌
2025-10-20 09:10:35,ROI 1,0.12,INCOMPLETO ❌
2025-10-20 09:10:36,ROI 1,0.36,INCOMPLETO ❌
2025-10-20 09:10:37,ROI 1,1.52,INCOMPLETO ❌
2025-10-20 09:10:38,ROI 1,0.36,INCOMPLETO ❌
2025-10-20 09:10:38,ROI 1,0.11,INCOMPLETO ❌
2025-10-20 09:10:41,ROI 1,0.12,INCOMPLETO ❌
2025-10-20 09:10:42,ROI 1,0.24,INCOMPLETO ❌
2025-10-20 09:10:42,ROI 1,0.12,INCOMPLETO ❌
2025-10-20 09:10:42,ROI 1,0.11,INCOMPLETO ❌
2025-10-20 09:10:43,ROI 1,0.23,INCOMPLETO ❌
2025-10-20 09:10:43,ROI 1,0.59,INCOMPLETO ❌
2025-10-20 09:10:44,ROI 1,0.27,INCOMPLETO ❌
2025-10-20 09:10:44,ROI 1,0.14,INCOMPLETO ❌
2025-10-20 09:10:45,ROI 1,0.13,INCOMPLETO ❌
2025-10-20 09:10:47,ROI 1,2.0,OK ✅
2025-10-20 09:11:34,ROI 1,0.12,INCOMPLETO ❌
2025-10-20 09:11:36,ROI 2,2.12,OK ✅
2025-10-20 09:12:05,ROI 1,0.24,INCOMPLETO ❌
2025-10-20 09:12:05,ROI 2,0.25,INCOMPLETO ❌
2025-10-20 09:12:05,ROI 2,0.13,INCOMPLETO ❌
2025-10-20 09:12:07,ROI 1,1.27,INCOMPLETO ❌
2025-10-20 09:12:15,ROI 1,0.1,INCOMPLETO ❌
2025-10-20 09:12:19,ROI 2,0.11,INCOMPLETO ❌
2025-10-20 09:12:21,ROI 2,2.04,OK ✅
2025-10-20 09:12:23,ROI 1,0.11,INCOMPLETO ❌
2025-10-20 09:12:25,ROI 2,2.05,OK ✅
2025-10-20 09:12:37,ROI 1,0.11,INCOMPLETO ❌
2025-10-20 09:12:38,ROI 2,0.61,INCOMPLETO ❌
2025-10-20 09:12:38,ROI 2,0.11,INCOMPLETO ❌
2025-10-20 09:12:38,ROI 2,0.12,INCOMPLETO ❌
2025-10-20 09:12:41,ROI 2,2.08,OK ✅
2025-10-20 09:12:44,ROI 2,0.27,INCOMPLETO ❌
2025-10-20 09:12:44,ROI 2,0.12,INCOMPLETO ❌
2025-10-20 09:12:46,ROI 2,2.03,OK ✅
2025-10-20 09:13:00,ROI 1,0.12,INCOMPLETO ❌
2025-10-20 09:13:01,ROI 2,0.48,INCOMPLETO ❌
2025-10-20 09:13:01,ROI 1,0.12,INCOMPLETO ❌
2025-10-20 09:13:01,ROI 2,0.38,INCOMPLETO ❌
2025-10-20 09:13:02,ROI 1,0.13,INCOMPLETO ❌
2025-10-20 09:13:02,ROI 1,0.37,INCOMPLETO ❌
2025-10-20 09:13:03,ROI 1,0.35,INCOMPLETO ❌
2025-10-20 09:13:03,ROI 2,2.1,OK ✅
2025-10-20 09:13:04,ROI 1,0.23,INCOMPLETO ❌
2025-10-20 09:13:07,ROI 1,0.12,INCOMPLETO ❌
2025-10-20 09:13:08,ROI 1,0.7,INCOMPLETO ❌
2025-10-20 09:13:10,ROI 1,0.24,INCOMPLETO ❌
2025-10-20 09:13:12,ROI 1,0.72,INCOMPLETO ❌
2025-10-20 09:13:19,ROI 1,0.24,INCOMPLETO ❌
2025-10-20 09:13:19,ROI 2,0.25,INCOMPLETO ❌
2025-10-20 09:13:20,ROI 2,0.24,INCOMPLETO ❌
2025-10-20 09:13:20,ROI 1,0.13,INCOMPLETO ❌
2025-10-20 09:13:20,ROI 1,0.12,INCOMPLETO ❌
2025-10-20 09:13:20,ROI 1,0.12,INCOMPLETO ❌
2025-10-20 09:13:21,ROI 1,0.11,INCOMPLETO ❌
2025-10-20 09:13:22,ROI 2,2.02,OK ✅
2025-10-20 09:13:22,ROI 1,0.12,INCOMPLETO ❌
2025-10-20 09:13:24,ROI 1,0.12,INCOMPLETO ❌
2025-10-20 09:13:24,ROI 1,0.13,INCOMPLETO ❌
2025-10-20 09:13:24,ROI 1,0.11,INCOMPLETO ❌
2025-10-20 09:13:25,ROI 1,0.24,INCOMPLETO ❌
2025-10-20 09:13:26,ROI 1,0.35,INCOMPLETO ❌
2025-10-20 09:13:26,ROI 1,0.12,INCOMPLETO ❌
2025-10-20 09:13:26,ROI 1,0.23,INCOMPLETO ❌
2025-10-20 09:13:27,ROI 1,0.48,INCOMPLETO ❌
2025-10-20 09:13:27,ROI 1,0.12,INCOMPLETO ❌
2025-10-20 09:13:28,ROI 2,2.01,INCOMPLETO ❌
2025-10-20 09:13:28,ROI 1,0.12,INCOMPLETO ❌
2025-10-20 09:13:28,ROI 1,0.23,INCOMPLETO ❌
2025-10-20 09:13:29,ROI 1,0.12,INCOMPLETO ❌
2025-10-20 09:13:29,ROI 2,1.62,INCOMPLETO ❌
2025-10-20 09:13:29,ROI 1,0.7,INCOMPLETO ❌
2025-10-20 09:13:30,ROI 1,0.22,INCOMPLETO ❌
2025-10-20 09:13:30,ROI 1,0.23,INCOMPLETO ❌
2025-10-20 09:13:31,ROI 1,0.39,INCOMPLETO ❌
2025-10-20 09:13:31,ROI 1,0.12,INCOMPLETO ❌
2025-10-20 09:13:31,ROI 2,2.0,OK ✅
2025-10-20 09:13:32,ROI 1,0.12,INCOMPLETO ❌
2025-10-20 09:13:32,ROI 1,0.12,INCOMPLETO ❌
2025-10-20 09:13:33,ROI 1,0.23,INCOMPLETO ❌
2025-10-20 09:13:33,ROI 1,0.23,INCOMPLETO ❌
2025-10-20 09:13:33,ROI 1,0.11,INCOMPLETO ❌
2025-10-20 09:13:34,ROI 2,0.92,INCOMPLETO ❌
2025-10-20 09:13:35,ROI 2,0.58,INCOMPLETO ❌
2025-10-20 09:13:35,ROI 2,0.12,INCOMPLETO ❌
2025-10-20 09:13:36,ROI 1,2.08,OK ✅
2025-10-20 09:13:36,ROI 2,0.34,INCOMPLETO ❌
2025-10-20 09:13:37,ROI 1,0.24,INCOMPLETO ❌
2025-10-20 09:13:38,ROI 1,0.93,INCOMPLETO ❌
2025-10-20 09:13:38,ROI 2,1.86,INCOMPLETO ❌
2025-10-20 09:13:38,ROI 2,0.13,INCOMPLETO ❌
2025-10-20 09:13:38,ROI 1,0.49,INCOMPLETO ❌
2025-10-20 09:13:38,ROI 1,0.12,INCOMPLETO ❌
2025-10-20 09:13:39,ROI 1,0.11,INCOMPLETO ❌
2025-10-20 09:13:39,ROI 2,1.02,INCOMPLETO ❌
2025-10-20 09:13:39,ROI 1,0.45,INCOMPLETO ❌
2025-10-20 09:13:40,ROI 1,0.11,INCOMPLETO ❌
2025-10-20 09:13:40,ROI 1,0.44,INCOMPLETO ❌
2025-10-20 09:13:41,ROI 2,1.13,INCOMPLETO ❌
2025-10-20 09:13:41,ROI 1,0.68,INCOMPLETO ❌
2025-10-20 09:13:41,ROI 2,0.57,INCOMPLETO ❌
2025-10-20 09:13:41,ROI 1,0.23,INCOMPLETO ❌
2025-10-20 09:13:42,ROI 1,0.11,INCOMPLETO ❌
2025-10-20 09:13:42,ROI 1,0.11,INCOMPLETO ❌
2025-10-20 09:13:42,ROI 1,0.47,INCOMPLETO ❌
2025-10-20 09:13:43,ROI 1,0.12,INCOMPLETO ❌
2025-10-20 09:13:43,ROI 2,2.07,OK ✅
2025-10-20 09:13:44,ROI 1,0.12,INCOMPLETO ❌
2025-10-20 09:13:44,ROI 1,0.23,INCOMPLETO ❌
2025-10-20 09:13:46,ROI 2,2.08,OK ✅
2025-10-20 09:13:54,ROI 1,1.05,INCOMPLETO ❌
2025-10-20 09:14:00,ROI 1,0.12,INCOMPLETO ❌
2025-10-20 09:14:01,ROI 1,0.51,INCOMPLETO ❌
2025-10-20 09:14:02,ROI 1,0.91,INCOMPLETO ❌
2025-10-20 09:14:03,ROI 1,0.25,INCOMPLETO ❌
2025-10-20 09:14:03,ROI 1,0.12,INCOMPLETO ❌
2025-10-20 09:14:03,ROI 1,0.13,INCOMPLETO ❌
2025-10-20 09:14:04,ROI 1,0.23,INCOMPLETO ❌
2025-10-20 09:14:05,ROI 1,0.59,INCOMPLETO ❌
2025-10-20 09:14:05,ROI 1,0.58,INCOMPLETO ❌
2025-10-20 09:14:06,ROI 1,0.12,INCOMPLETO ❌
2025-10-20 09:14:06,ROI 1,0.22,INCOMPLETO ❌
2025-10-20 09:14:08,ROI 1,0.11,INCOMPLETO ❌
2025-10-20 09:14:08,ROI 1,0.11,INCOMPLETO ❌
2025-10-20 09:14:09,ROI 1,0.11,INCOMPLETO ❌
2025-10-20 09:14:09,ROI 1,0.12,INCOMPLETO ❌
2025-10-20 09:14:09,ROI 1,0.23,INCOMPLETO ❌
2025-10-20 09:14:10,ROI 1,0.11,INCOMPLETO ❌
2025-10-20 09:14:12,ROI 1,0.46,INCOMPLETO ❌
2025-10-20 09:14:12,ROI 1,0.11,INCOMPLETO ❌
2025-10-20 09:14:12,ROI 2,0.12,INCOMPLETO ❌
2025-10-20 09:14:12,ROI 1,0.11,INCOMPLETO ❌
2025-10-20 09:14:12,ROI 2,0.13,INCOMPLETO ❌
2025-10-20 09:14:13,ROI 1,0.12,INCOMPLETO ❌
2025-10-20 09:14:37,ROI 2,2.0,OK ✅
2025-10-20 09:14:40,ROI 1,0.11,INCOMPLETO ❌
2025-10-20 09:14:45,ROI 1,0.22,INCOMPLETO ❌
2025-10-20 09:14:46,ROI 1,0.11,INCOMPLETO ❌
2025-10-20 09:14:46,ROI 1,0.13,INCOMPLETO ❌
2025-10-20 09:15:09,ROI 2,0.12,INCOMPLETO ❌
2025-10-20 09:15:11,ROI 2,0.11,INCOMPLETO ❌
2025-10-20 09:15:11,ROI 1,0.11,INCOMPLETO ❌
2025-10-20 09:15:12,ROI 1,0.11,INCOMPLETO ❌
2025-10-20 09:15:27,ROI 2,0.23,INCOMPLETO ❌
2025-10-20 09:15:29,ROI 1,2.08,OK ✅
2025-10-20 09:15:32,ROI 1,1.41,INCOMPLETO ❌
2025-10-20 09:15:34,ROI 2,1.96,INCOMPLETO ❌
2025-10-20 09:15:34,ROI 1,0.25,INCOMPLETO ❌
2025-10-20 09:15:34,ROI 1,0.11,INCOMPLETO ❌
2025-10-20 09:15:34,ROI 2,0.12,INCOMPLETO ❌
2025-10-20 09:15:35,ROI 1,0.5,INCOMPLETO ❌
2025-10-20 09:15:36,ROI 1,0.12,INCOMPLETO ❌
2025-10-20 09:15:37,ROI 1,0.12,INCOMPLETO ❌
2025-10-20 09:15:38,ROI 1,0.13,INCOMPLETO ❌
2025-10-20 09:15:39,ROI 1,0.12,INCOMPLETO ❌
2025-10-20 09:15:40,ROI 1,0.11,INCOMPLETO ❌
2025-10-20 09:15:40,ROI 2,0.12,INCOMPLETO ❌
2025-10-20 09:15:41,ROI 1,0.23,INCOMPLETO ❌
2025-10-20 09:15:41,ROI 1,0.71,INCOMPLETO ❌
2025-10-20 09:15:42,ROI 1,0.13,INCOMPLETO ❌
2025-10-20 09:15:44,ROI 1,0.12,INCOMPLETO ❌
2025-10-20 09:15:44,ROI 1,0.13,INCOMPLETO ❌
2025-10-20 09:15:45,ROI 1,0.45,INCOMPLETO ❌
2025-10-20 09:15:45,ROI 1,0.22,INCOMPLETO ❌
2025-10-20 09:15:48,ROI 1,2.14,OK ✅
2025-10-20 09:15:49,ROI 1,1.11,INCOMPLETO ❌
2025-10-20 09:15:50,ROI 1,0.14,INCOMPLETO ❌
2025-10-20 09:15:51,ROI 1,0.38,INCOMPLETO ❌
2025-10-20 09:15:52,ROI 1,0.12,INCOMPLETO ❌
2025-10-20 09:15:52,ROI 1,0.25,INCOMPLETO ❌
2025-10-20 09:15:53,ROI 1,0.11,INCOMPLETO ❌
2025-10-20 09:15:53,ROI 1,0.14,INCOMPLETO ❌
2025-10-20 09:15:57,ROI 1,0.13,INCOMPLETO ❌
2025-10-20 09:15:58,ROI 1,0.13,INCOMPLETO ❌
2025-10-20 09:15:58,ROI 1,0.26,INCOMPLETO ❌
2025-10-20 09:15:59,ROI 2,0.86,INCOMPLETO ❌
2025-10-20 09:16:01,ROI 1,2.09,OK ✅
2025-10-20 09:16:01,ROI 2,0.52,INCOMPLETO ❌
2025-10-20 09:16:02,ROI 2,0.33,INCOMPLETO ❌
2025-10-20 09:16:03,ROI 2,1.24,INCOMPLETO ❌
2025-10-20 09:16:04,ROI 1,0.14,INCOMPLETO ❌
2025-10-20 09:16:06,ROI 1,1.63,INCOMPLETO ❌
2025-10-20 09:16:07,ROI 1,1.37,INCOMPLETO ❌
2025-10-20 09:16:08,ROI 1,0.36,INCOMPLETO ❌
2025-10-20 09:16:08,ROI 1,0.14,INCOMPLETO ❌
2025-10-20 09:16:09,ROI 2,0.38,INCOMPLETO ❌
2025-10-20 09:16:09,ROI 1,1.06,INCOMPLETO ❌
2025-10-20 09:16:25,ROI 2,2.12,OK ✅
2025-10-20 09:16:29,ROI 1,2.01,OK ✅
2025-10-20 09:16:31,ROI 2,2.09,OK ✅
2025-10-20 09:16:35,ROI 1,2.09,OK ✅
2025-10-20 09:16:40,ROI 2,0.14,INCOMPLETO ❌
2025-10-20 09:16:49,ROI 1,2.0,OK ✅
2025-10-20 09:16:52,ROI 2,2.12,OK ✅
2025-10-20 09:17:00,ROI 1,2.12,OK ✅
2025-10-20 09:18:03,ROI 2,2.07,OK ✅
2025-10-20 09:19:07,ROI 2,2.1,OK ✅
2025-10-20 09:19:29,ROI 2,2.03,OK ✅
2025-10-20 09:20:22,ROI 2,2.03,OK ✅
2025-10-20 09:20:40,ROI 2,2.05,OK ✅
2025-10-20 09:21:28,ROI 1,0.25,INCOMPLETO ❌
2025-10-20 09:21:44,ROI 2,2.02,OK ✅
2025-10-20 09:22:24,ROI 2,2.05,OK ✅
2025-10-20 09:22:36,ROI 1,0.24,INCOMPLETO ❌
2025-10-20 09:22:36,ROI 1,0.1,INCOMPLETO ❌
2025-10-20 09:22:37,ROI 1,0.12,INCOMPLETO ❌
2025-10-20 09:22:37,ROI 1,0.12,INCOMPLETO ❌
2025-10-20 09:22:38,ROI 1,0.23,INCOMPLETO ❌
2025-10-20 09:22:38,ROI 1,0.13,INCOMPLETO ❌
2025-10-20 09:22:39,ROI 1,0.12,INCOMPLETO ❌
2025-10-20 09:22:39,ROI 2,0.12,INCOMPLETO ❌
2025-10-20 09:22:39,ROI 1,0.23,INCOMPLETO ❌
2025-10-20 09:22:40,ROI 2,0.11,INCOMPLETO ❌
2025-10-20 09:22:40,ROI 1,0.36,INCOMPLETO ❌
2025-10-20 09:22:40,ROI 2,0.12,INCOMPLETO ❌
2025-10-20 09:22:40,ROI 1,0.36,INCOMPLETO ❌
2025-10-20 09:22:41,ROI 1,0.11,INCOMPLETO ❌
2025-10-20 09:22:43,ROI 1,2.03,OK ✅
2025-10-20 09:22:45,ROI 1,1.49,INCOMPLETO ❌
2025-10-20 09:22:47,ROI 1,2.04,OK ✅
2025-10-20 09:22:48,ROI 1,0.36,INCOMPLETO ❌
2025-10-20 09:22:49,ROI 1,0.94,INCOMPLETO ❌
2025-10-20 09:22:49,ROI 1,0.24,INCOMPLETO ❌
2025-10-20 09:22:50,ROI 1,0.74,INCOMPLETO ❌
2025-10-20 09:22:52,ROI 1,1.1,INCOMPLETO ❌
2025-10-20 09:22:53,ROI 1,0.12,INCOMPLETO ❌
2025-10-20 09:22:54,ROI 1,0.24,INCOMPLETO ❌
2025-10-20 09:22:55,ROI 1,0.13,INCOMPLETO ❌
2025-10-20 09:22:55,ROI 1,0.13,INCOMPLETO ❌
2025-10-20 09:22:56,ROI 1,0.24,INCOMPLETO ❌
2025-10-20 09:22:57,ROI 1,0.12,INCOMPLETO ❌
2025-10-20 09:22:57,ROI 1,0.24,INCOMPLETO ❌
2025-10-20 09:22:57,ROI 2,0.35,INCOMPLETO ❌
2025-10-20 09:22:58,ROI 2,0.12,INCOMPLETO ❌
2025-10-20 09:22:58,ROI 1,0.11,INCOMPLETO ❌
2025-10-20 09:22:59,ROI 2,0.23,INCOMPLETO ❌
2025-10-20 09:22:59,ROI 1,0.12,INCOMPLETO ❌
2025-10-20 09:22:59,ROI 2,0.24,INCOMPLETO ❌
2025-10-20 09:23:00,ROI 1,0.46,INCOMPLETO ❌
2025-10-20 09:23:02,ROI 1,2.01,OK ✅
2025-10-20 09:23:06,ROI 2,0.11,INCOMPLETO ❌
2025-10-20 09:23:06,ROI 1,0.11,INCOMPLETO ❌
2025-10-20 09:23:06,ROI 2,0.33,INCOMPLETO ❌
2025-10-20 09:23:06,ROI 1,0.22,INCOMPLETO ❌
2025-10-20 09:23:07,ROI 2,0.12,INCOMPLETO ❌
2025-10-20 09:23:08,ROI 1,0.92,INCOMPLETO ❌
2025-10-20 09:23:10,ROI 1,1.14,INCOMPLETO ❌
2025-10-20 09:23:10,ROI 1,0.11,INCOMPLETO ❌
2025-10-20 09:23:10,ROI 1,0.23,INCOMPLETO ❌
2025-10-20 09:23:10,ROI 2,0.24,INCOMPLETO ❌
2025-10-20 09:23:11,ROI 2,0.11,INCOMPLETO ❌
2025-10-20 09:23:11,ROI 1,0.68,INCOMPLETO ❌
2025-10-20 09:23:11,ROI 1,0.11,INCOMPLETO ❌
2025-10-20 09:23:14,ROI 1,2.04,OK ✅
2025-10-20 09:23:14,ROI 2,0.23,INCOMPLETO ❌
2025-10-20 09:23:14,ROI 1,0.23,INCOMPLETO ❌
2025-10-20 09:23:15,ROI 1,0.82,INCOMPLETO ❌
2025-10-20 09:23:16,ROI 1,0.46,INCOMPLETO ❌
2025-10-20 09:23:17,ROI 1,0.58,INCOMPLETO ❌
2025-10-20 09:23:17,ROI 2,0.12,INCOMPLETO ❌
2025-10-20 09:23:18,ROI 1,0.83,INCOMPLETO ❌
2025-10-20 09:23:18,ROI 2,0.12,INCOMPLETO ❌
2026-02-03 15:26:44,0.41,INCOMPLETO ❌
2026-02-03 15:26:54,0.36,INCOMPLETO ❌
2026-02-03 15:26:54,0.01,INCOMPLETO ❌
2026-02-03 15:26:54,0.03,INCOMPLETO ❌
2026-02-03 15:27:48,0.47,INCOMPLETO ❌
2026-02-03 15:30:05,0.46,INCOMPLETO ❌
2026-02-03 15:36:52,0.44,INCOMPLETO ❌
2026-02-03 15:38:22,0.44,INCOMPLETO ❌
2026-02-03 15:38:32,0.43,INCOMPLETO ❌
2026-02-03 15:38:32,0.01,INCOMPLETO ❌
2026-02-03 15:38:32,0.04,INCOMPLETO ❌
2026-02-03 15:38:52,0.45,INCOMPLETO ❌
2026-02-03 15:39:02,0.35,INCOMPLETO ❌
2026-02-03 15:39:02,0.01,INCOMPLETO ❌
2026-02-03 15:39:02,0.02,INCOMPLETO ❌
2026-02-03 15:40:25,0.44,INCOMPLETO ❌
